Country/Region,Population,Area,Latest,"Per 100,000 inh.",% Confirmed,Blank 2,Comments,2020-01-22,2020-01-23,2020-01-24,2020-01-25,2020-01-26,2020-01-27,2020-01-28,2020-01-29,2020-01-30,2020-01-31,2020-02-01,2020-02-02,2020-02-03,2020-02-04,2020-02-05,2020-02-06,2020-02-07,2020-02-08,2020-02-09,2020-02-10,2020-02-11,2020-02-12,2020-02-13,2020-02-14,2020-02-15,2020-02-16,2020-02-17,2020-02-18,2020-02-19,2020-02-20,2020-02-21,2020-02-22,2020-02-23,2020-02-24,2020-02-25,2020-02-26,2020-02-27,2020-02-28,2020-02-29,2020-03-01,2020-03-02,2020-03-03,2020-03-04,2020-03-05,2020-03-06,2020-03-07,2020-03-08,2020-03-09,2020-03-10,2020-03-11,2020-03-12,2020-03-13,2020-03-14,2020-03-15,2020-03-16,2020-03-17,2020-03-18,2020-03-19,2020-03-20,2020-03-21,2020-03-22,2020-03-23,2020-03-24,2020-03-25,2020-03-26,2020-03-27,2020-03-28,2020-03-29,2020-03-30,2020-03-31,2020-04-01,2020-04-02,2020-04-03,2020-04-04,2020-04-05,2020-04-06,2020-04-07,2020-04-08,2020-04-09,2020-04-10,2020-04-11,2020-04-12,2020-04-13,2020-04-14,2020-04-15,2020-04-16,2020-04-17,2020-04-18,2020-04-19,2020-04-20,2020-04-21,2020-04-22,2020-04-23,2020-04-24,2020-04-25,2020-04-26,2020-04-27,2020-04-28,2020-04-29,2020-04-30,2020-05-01,2020-05-02,2020-05-03,2020-05-04,2020-05-05,2020-05-06,2020-05-07,2020-05-08,2020-05-09,2020-05-10,2020-05-11,2020-05-12,2020-05-13,2020-05-14,2020-05-15,2020-05-16,2020-05-17,2020-05-18,2020-05-19,2020-05-20,2020-05-21,2020-05-22,2020-05-23,2020-05-24,2020-05-25,2020-05-26,2020-05-27,2020-05-28,2020-05-29,2020-05-30,2020-05-31,2020-06-01,2020-06-02,2020-06-03,2020-06-04,2020-06-05,2020-06-06,2020-06-07,2020-06-08,2020-06-09,2020-06-10,2020-06-11,2020-06-12,2020-06-13,2020-06-14,2020-06-15,2020-06-16,2020-06-17,2020-06-18,2020-06-19,2020-06-20,2020-06-21,2020-06-22,2020-06-23,2020-06-24,2020-06-25,2020-06-26,2020-06-27,2020-06-28,2020-06-29,2020-06-30,2020-07-01,2020-07-02,2020-07-03,2020-07-04,2020-07-05,2020-07-06,2020-07-07,2020-07-08,2020-07-09,2020-07-10,2020-07-11,2020-07-12,2020-07-13,2020-07-14,2020-07-15,2020-07-16,2020-07-17,2020-07-18,2020-07-19,2020-07-20,2020-07-21,2020-07-22,2020-07-23,2020-07-24,2020-07-25,2020-07-26,2020-07-27,2020-07-28,2020-07-29,2020-07-30,2020-07-31,2020-08-01,2020-08-02,2020-08-03,2020-08-04,2020-08-05,2020-08-06,2020-08-07,2020-08-08,2020-08-09,2020-08-10,2020-08-11,2020-08-12,2020-08-13,2020-08-14,2020-08-15,2020-08-16,2020-08-17,2020-08-18,2020-08-19,2020-08-20,2020-08-21,2020-08-22,2020-08-23,2020-08-24,2020-08-25,2020-08-26,2020-08-27,2020-08-28,2020-08-29,2020-08-30,2020-08-31,2020-09-01,2020-09-02,2020-09-03,2020-09-04,2020-09-05,2020-09-06,2020-09-07,2020-09-08,2020-09-09,2020-09-10,2020-09-11,2020-09-12,2020-09-13,2020-09-14,2020-09-15,2020-09-16,2020-09-17,2020-09-18,2020-09-19,2020-09-20,2020-09-21,2020-09-22,2020-09-23,2020-09-24,2020-09-25,2020-09-26,2020-09-27,2020-09-28,2020-09-29,2020-09-30,2020-10-01,2020-10-02,2020-10-03,2020-10-04,2020-10-05,2020-10-06,2020-10-07,2020-10-08,2020-10-09,2020-10-10,2020-10-11,2020-10-12,2020-10-13,2020-10-14,2020-10-15,2020-10-16,2020-10-17,2020-10-18,2020-10-19,2020-10-20,2020-10-21,2020-10-22,2020-10-23,2020-10-24,2020-10-25,2020-10-26,2020-10-27,2020-10-28,2020-10-29,2020-10-30,2020-10-31,2020-11-01,2020-11-02,2020-11-03,2020-11-04,2020-11-05,2020-11-06,2020-11-07,2020-11-08,2020-11-09,2020-11-10,2020-11-11,2020-11-12,2020-11-13,2020-11-14,2020-11-15,2020-11-16,2020-11-17,2020-11-18,2020-11-19,2020-11-20,2020-11-21,2020-11-22,2020-11-23,2020-11-24,2020-11-25,2020-11-26
American Samoa,55191,200,0,0,,,,0,0,0,0,0,0,0,0,0,0,0,0,0,0,0,0,0,0,0,0,0,0,0,0,0,0,0,0,0,0,0,0,0,0,0,0,0,0,0,0,0,0,0,0,0,0,0,0,0,0,0,0,0,0,0,0,0,0,0,0,0,0,0,0,0,0,0,0,0,0,0,0,0,0,0,0,0,0,0,0,0,0,0,0,0,0,0,0,0,0,0,0,0,0,0,0,0,0,0,0,0,0,0,0,0,0,0,0,0,0,0,0,0,0,0,0,0,0,0,0,0,0,0,0,0,0,0,0,0,0,0,0,0,0,0,0,0,0,0,0,0,0,0,0,0,0,0,0,0,0,0,0,0,0,0,0,0,0,0,0,0,0,0,0,0,0,0,0,0,0,0,0,0,0,0,0,0,0,0,0,0,0,0,0,0,0,0,0,0,0,0,0,0,0,0,0,0,0,0,0,0,0,0,0,0,0,0,0,0,0,0,0,0,0,0,0,0,0,0,0,0,0,0,0,0,0,0,0,0,0,0,0,0,0,0,0,0,0,0,0,0,0,0,0,0,0,0,0,0,0,0,0,0,0,0,0,0,0,0,0,0,0,0,0,0,0,0,0,0,0,0,0,0,0,0,0,0,0,0,0,0,0,0,0,0,0,0,0,0,0,0,0,0,0,0,0,0,0,0,0,0,0,0,0,0,0,0,0,0,0
Marshall Islands,59190,180,3,5.0684237202,0.75,,,0,0,0,0,0,0,0,0,0,0,0,0,0,0,0,0,0,0,0,0,0,0,0,0,0,0,0,0,0,0,0,0,0,0,0,0,0,0,0,0,0,0,0,0,0,0,0,0,0,0,0,0,0,0,0,0,0,0,0,0,0,0,0,0,0,0,0,0,0,0,0,0,0,0,0,0,0,0,0,0,0,0,0,0,0,0,0,0,0,0,0,0,0,0,0,0,0,0,0,0,0,0,0,0,0,0,0,0,0,0,0,0,0,0,0,0,0,0,0,0,0,0,0,0,0,0,0,0,0,0,0,0,0,0,0,0,0,0,0,0,0,0,0,0,0,0,0,0,0,0,0,0,0,0,0,0,0,0,0,0,0,0,0,0,0,0,0,0,0,0,0,0,0,0,0,0,0,0,0,0,0,0,0,0,0,0,0,0,0,0,0,0,0,0,0,0,0,0,0,0,0,0,0,0,0,0,0,0,0,0,0,0,0,0,0,0,0,0,0,0,0,0,0,0,0,0,0,0,0,0,0,0,0,0,0,0,0,0,0,0,0,0,0,0,0,0,0,0,0,0,0,0,0,0,0,0,0,0,0,0,0,0,0,0,0,0,0,0,0,0,0,0,0,0,0,0,0,0,0,0,2,2,2,2,2,2,2,2,1,1,1,1,1,1,-1,-1,-1,-1,-1,-1,2,2,3,3,3,3,3,3,3,3
Northern Mariana Islands,57559,460,3.1428571429,5.4602358326,0.0302197802,,,0,0,0,0,0,0,0,0,0,0,0,0,0,0,0,0,0,0,0,0,0,0,0,0,0,0,0,0,0,0,0,0,0,0,0,0,0,0,0,0,0,0,0,0,0,0,0,0,0,0,0,0,0,0,0,0,0,0,0,0,0,0,0,0,0,0,2,2,2,2,6,7,7.5,8,8.5,9,8.5,9,9.3333333333,9.6666666667,10,10.3333333333,10.6666666667,11,7.25,5.5,5.25,5,4.5555555556,4.1111111111,3.6666666667,3.2222222222,2.9444444445,2.6666666666,2.3888888889,2.1111111111,1.8333333333,1.5555555556,1.3611111111,1.1666666667,0.9722222222,0.7777777778,0.7777777777,0.7777777778,0.7777777777,0.7777777778,1.0555555555,1.3333333334,1.6111111111,3.0555555556,4.5,4.8444444444,5.1888888889,5.5333333333,5.8777777778,6.2222222222,6.3666666667,6.5111111111,6.6555555556,6.8,6.6666666667,6.4166666666,6.1666666667,4.75,3.3333333333,3.0166666667,2.7,2.3833333333,2.0666666667,1.75,1.6333333333,1.5166666667,1.4,2.7,4,4.25,4.5,4.75,5.6666666667,7.5833333333,7.5416666667,7.5,7.4583333333,7.4166666667,7.375,7.3333333333,7.2916666667,5.8333333333,4.375,4.0833333334,3.7916666666,3.5,2.5416666667,0.5833333333,0.5833333333,0.5833333334,0.5833333333,0.5833333333,0.5833333334,0.5833333333,0.5833333333,0.5833333334,0.5833333333,0.5833333333,0.7638888889,0.9444444444,1.125,1.3055555556,1.4861111111,1.6666666666,1.8472222223,2.0277777778,2.2083333333,3.1666666667,4.125,5.0833333333,5.5416666667,6,6.0277777778,6.0555555556,6.0833333333,6.1111111111,6.1388888889,6.1666666667,6.1944444444,6.2222222222,7,6.5,6,5.5,5.5,6,6.75,7.5,8.25,8.3333333333,8.4166666667,8.5,8.75,9,8.5,8.5,8.25,8,7.75,7,7,7,7,7.6666666667,7.5151515151,7.3636363636,7.0454545455,6.7272727273,6.4090909091,6.0909090909,6.0227272727,5.9545454545,5.8863636364,5.8181818182,5,4.3333333333,3.6666666667,3,3.0681818182,3.1363636364,3.2045454545,3.2727272727,3.4242424242,3.5757575758,3.7272727273,3.7954545455,3.8636363636,3.9318181818,4,4.1666666667,4.3333333333,4.3333333333,4.4166666667,4.5,6.25,8,9.6666666667,10.3333333333,10.1666666667,10.0833333333,10,9.9166666667,9.8333333333,9.5,9.6,9.8666666667,10.1333333333,10.4,9,7.6666666667,6.3333333333,6,6.2333333333,6.4666666667,6.7,6.9333333333,7.1666666667,7.5,7.4,7.3,7.2,7.1,7,12.3333333333,12.3333333334,12.3333333333,12.6,12.8666666667,13.1333333333,13.4,13.6666666667,13.8333333333,14,14.1666666667,14.3333333333,14.5,14.6666666667,9.3333333333,9.3333333333,9.0666666667,8.8,8.5333333333,8.2666666667,8,8,8,8,7.619047619,7.2380952381,6.8571428571,6.4761904762,6.0952380953,5.7142857143,5.6,6.2,6,5.8,5.6,5.1333333333,4.6666666667,4,3.7142857143,3.4285714286,3.1428571429
US,331002651,9147420,2310022,697.886253485,0.1793040956,,,1,1,2,2,5,5.3333333333,5.6666666667,6,7,8,9,10,11,11.3333333333,10.6666666667,11,10.2,10.4,7.6,7.4666666667,7.3333333333,7.5,7,6.25,5.5,4.75,4,3.9166666667,3.8333333333,3.75,3.8,3.7666666667,3.7333333333,3.7,3.6666666667,3.3333333333,3,6.75,10.5,17.25,40,58.75,91.5,168.25,221,386,498,572,754,1114,1543,2168,2920,3142,4582,6380,8978,13399,19665,25561,34281,45324,55695,67444,84872,103034,121922,140295,161182,185665,208891,234784,260387,287407,306774,325716,346514,366634,383376,398181,407882,415930,419657,421905,426187,427201,427900,422812,420304,418551,413201,410320,408922,409188,411452,411369,408747,404844,402490,400576,402147,401984,400752,395714,394164,389939,384491,377489,370865,362892,359132,357196,350348,348019,339034,335286,329144,327749,324294,322267,320396,316958,313113,314188,313108,309834,307404,303114,302114,301914,302636,297577,297911,294855,290358,292396,292698,290414,289559,288469,290887,291061,291720,293172,293154,295682,297986,304479,310978,316610,327122,335428,348612,366459,379934,397248,417687,433778,455168,475769,498056,523045,550766,571626,585258,608870,622356,646903,672217,694428,716934,735611,754287,773025,794472,810619,832133,851964,868884,880020,897336,900812,912995,918944,924288,929627,925406,922558,920916,925113,915610,911849,907216,892772,875861,868913,851423,842388,827507,816580,808086,800872,782012,766976,751119,747972,736912,731821,723771,711525,704463,689069,679000,668205,656292,644044,637098,625822,619200,601365,599943,593549,592230,588870,582450,582144,584020,583507,580561,567621,554539,542914,533860,534370,529991,529509,528181,525889,523398,524539,523160,522489,529422,557415,570000,574686,584330,584968,588296,591271,589649,593060,595796,596169,601821,608026,605674,593053,597520,609580,622199,630116,639820,648374,656830,666913,685190,704253,718300,726501,739705,767794,784933,797318,814324,839317,868097,884024,909899,933021,952232,978042,1008112,1040121,1066387,1082865,1146395,1186242,1237097,1281818,1327031,1375176,1429963,1491656,1556520,1627600,1706649,1784474,1844697,1918979,1954876,2022404,2084177,2154479,2204552,2237380,2287476,2322717,2360659,2310022
US Alabama,4903185,131171,31320,638.7684739613,0.1294444881,,,0,0,0,0,0,0,0,0,0,0,0,0,0,0,0,0,0,0,0,0,0,0,0,0,0,0,0,0,0,0,0,0,0,0,0,0,0,0,0,0,0,0,0,0,0,0,0,0,0,0,0,1,6,12,28,36,46,68,81,124,138,167,215,283,505,584,690,794,831,945,1031,1165,1351,1456,1658,1801,1904,2086,2263,2381,2495,2719,2875,2895,3036,3112,3098,3075,3041,3057,3112,3096,3009,2864,2946,2745,2765,2811,2729,2674,2628,2779,2888,3000,3054,3116,3120,3389,3430,3507,3510,3623,3775,3949,4058,4089,4046,4061,4091,4163,4221,4342,4371,4550,4721,5086,5226,5342,5607,5836,6132,6277,6266,6107,5953,5824,6105,6173,6195,6026,6146,6535,6887,7242,7712,7909,8270,8461,9134,9615,9506,9521,9529,9675,10075,10361,10473,10482,9826,10903,11133,11650,11905,12863,13313,13932,14424,14688,14898,15968,16325,16864,18146,18370,19210,20105,20977,21226,22372,23058,24013,24573,24851,25038,25497,26183,25707,25570,25111,24715,24674,24632,24115,24433,23770,23344,22841,22380,22296,20257,22040,21905,21485,21004,19795,18586,18231,16989,16343,16659,16824,15857,14469,16145,13726,13690,13391,14468,15466,15876,16309,16802,17054,17255,16761,16836,17623,17271,17254,16263,16364,15163,14542,14518,13757,13520,13401,12544,12848,12472,12470,12361,12648,12807,12978,12736,12641,13955,13945,13566,13524,13394,13614,13987,13835,14216,14207,13933,13893,14265,13769,12807,12935,13021,13093,13639,13276,13418,13676,13282,13457,13772,14051,14378,15089,17451,18750,19013,19246,19244,19729,19987,20122,20623,21359,21407,21401,21981,22094,19798,19206,19332,19535,20130,20931,21488,23121,23558,23837,24340,24919,25709,26752,27659,28226,28819,29223,30298,30681,31320
US Alaska,731545,1477953,8190,1119.548353143,0.2834694725,,,0,0,0,0,0,0,0,0,0,0,0,0,0,0,0,0,0,0,0,0,0,0,0,0,0,0,0,0,0,0,0,0,0,0,0,0,0,0,0,0,0,0,0,0,0,0,0,0,0,0,0,0,0,0,0,3,8,11,14,15,25,38,42,48,62,73,89,108,115,125,133,138,146,156,160,153,171,177,172,172,166,162,159,157,152,151,149,143,134,130,116,109,102,93,83,69,68,66,62,59.5,55,51,49,49,42,37,37,38,38,38,36,32,29,29.5,26,29,30,31,31.5,32,31,29,32,31.5,30,30,30,38,42,41,65,69,87.5,104,113,123,131,138.5,156,165,184,189,198,221,202,198,191,193,195,200,209,212,200,205,199,205,209,202,222,240,263,281,307,336,364,380,401,403,429,452,484,528,591,629,636,649,675,672,685,741,787,859,913,930,937,962,1055,1090,1155,1172,1192,1256,1338,1391,1376,1347,1308,1284,1282,1273,1185,1159,1100,1093,1091,1085,1025,990,982,987,1005,1048,1062,1071,1040,1043,1027,1018,1020,1036,1045,987,973,942,935,940,990,989,1018,981,981,994,1024,997,1007,1025,1064,1072,1056,1076,1064,1071,1084,1120,1144,1155,1172,1209,1225,1274,1313,1392,1446,1475,1509,1554,1587,1713,1803,1848,1851,1912,2023,2163,2240,2274,2325,2354,2434,2505,2574,2582,2666,2769,2874,2935,3061,3329,3488,3720,3917,4101,4257,4501,4642,4782,4934,5118,5192,5451,5698,5691,5805,5955,6090,6221,6428,6708,6999,7233,7484,7621,7798,7751,7823,7855,7889,7935,8118,8190
US Arizona,7278717,294207,47764,656.2145498994,0.1519568855,,,0,0,0,0,0,0,0,0,0,0,0,0,0,0,0,0,0,0,0,0,0,0,0,0,0,0,0,0,0,0,0,0,0,0,0,0,0,0,0,0,0,0,2,2,3,5,5.3333333333,5.6666666667,6,9,10,11,12,15,18,20,26,42,62,99,146.6666666667,259.3333333333,351,441,567,723,858,902,1137,1265,1384,1554,1704,1915,2117,2191,2218,2276,2441,2376,2520,2620,2545,2517,2549,2636,2738,2700,2660,2608,2676,2733,2751,2933,2887,2987,3014,3142,3240,3414,3455,3645,3711,3855,4054,4248,4176,4481,4680,4593,4664,4788,4974,5026,5207,5267,5297,5251,5261,5190,5370,5082,5079,5220,5181,5047,5086,5089,5296,5624,5999,5953,6684,7336,7438,8724,9412,10550,11117,11513,12590,13501,14453,15203,15755,16582,17847,18691,20690,22357,24347,25501,26908,29883,30122,31766,33630,35593,38217,37828,40118,43168,43982,45169,44755,45699,46855,46915,48640,49641,50344,49879,48559,49291,48882,47262,47188,46665,46712,45535,43742,43589,41995,40273,39409,40111,39547,40003,37837,36919,36185,35487,35737,34843,34314,31822,31594,30703,28752,26066,24909,23696,22803,21170,19996,17711,15652,15070,14508,14415,13354,12633,11846,11788,11180,10891,10536,10016,9345,8937,8633,8124,7830,7422,7304,7673,7782,7621,7663,7550,6772,7082,6863,6865,6841,6851,6890,6867,7046,7707,8261,8035,8252,8287,8801,8743,8850,8844,8698,8725,8785,8975,8600,7552,6821,6848,6736,6819,7088,7254,7549,7717,8152,8338,8540,8550,9128,9536,9723,10008,10395,10827,11003,11374,11505,11798,11794,12588,12914,13388,13530,13732,14559,15539,16324,16242,16881,16721,17862,18882,20612,21101,20735,23011,23998,24082,25532,27107,27963,28773,30078,32469,34457,36932,37950,40401,42625,43735,45687,47764
US Arkansas,3017804,134771,24619,815.7918804535,0.1613038493,,,0,0,0,0,0,0,0,0,0,0,0,0,0,0,0,0,0,0,0,0,0,0,0,0,0,0,0,0,0,0,0,0,0,0,0,0,0,0,0,0,0,0,0,0,0,0,0,0,0,0,6,9,12,16,22,27.5,33,46,96,118,165,174,218,278,329,372,392,410,451,495.5,551,597,608,625,665,701,728,720,784,790,822,854,937,957,985,977,991,996,951,1048,1281,1276,1346,1570,1603,1661,1607,1631,1623,1635,1626,1633,1650,1535,1269,1292,1146,953,918,949.5,1017,1053,1008,981,1142,1206,1328,1355,1427,1435,1847,1918,2020,2031.5,1995,2016,2077,2302,2312.5,2435,2494,2630,2832,3064,2901,3039,3334,3504,3711,3900,4091,4278,4771.5,5011,5248,5474,5436,5539,5569,5980,6041,6186.5,6343,6598,7007,7246,6854,6716,6809,7340,7586,7591,8147,7991,8067,8118.5,8170,7834,7907,7990,8402,8845,9057,8682,8956,9100,9039,9140,8938.5,8802,9674,10143,9964,10207,10446,10351,10256,10508,10448,10671,10645,10749,11025.5,11352,10670,10726,11047,10769,10790,10775,10760,10581,10230,10146,10007,9881,8819,8780,8480,8106,7923,7737,7613,7488,7191,6866,6963,6909,6979,7191,8386,8191,8147,8010,7896,8739,9026,9027,9179,9386,9383,9232,9058,9400,9332,9363,9403,9860,10107,9707,9404,9934,9970,10084,10224,10708,11246,10963,11045,11023,11422,11398,11478,11610,11697,11365,11290,11066,11090,10917,11096,11236.5,11465,11591,11438,11412,11549,11703,11760,11897,12053,12167,12370,12716,12653,12952.5,13098,13282,13240,13512,13394,13188,13335,13768,13849.5,14044,14078,14216,14562,15095,15510,15751,16084,16556,17557,18294,19444,19489,20124.5,20707,21383,21805,22495,22686,22993,23307,23379,24077,24080,24619
US California,39512223,403466,167080,422.8564917747,0.1441974507,,,0,0,0,0,0,0,0,0,0,0,0,0,0,0,0,0,0,0,0,0,0,0,0,0,0,0,0,0,0,0,0,0,0,0,0,0,0,0,0,0,0,0,53,56.5,60,69,88,114,133,157,198,223,247,288,329,472,558,867.5,1003,1210,1448,1619,1969,2198,2804,3652,4391,5415,6112,6999,7544,8267,9638,10747,11902,12603,13763,14602,15303,15593,15972,16086,15901,15856,16269,16991,16827,16937,16895,16642,17396,18439,19060,19782,20522,20370,21116,21693,22076,22735,22914,23234,23283,23959,22951,23419,23245,23258,23424,24516,24475,24351,24641,24247,24494,24596,25223,25493,25583,25242,25583,25932,26070,26030,26619,27351,27839,28533,28950,30085,31744,32576,33515,33630,33610,34457,35385,36102,36761,36756,37211,37584,38097,38765,38272,38446,38250,39328,41292,42515,43293,45012,46735,49584,54031,56290,58478,60790,62388,67800,75172,79124,81448,82819,88079,92161,93630,94701,99246,100928,103836,105911,109561,109910,107776,111495,113631,117929,117975,118707,119854,122995,124108,129117,131037,133056,132855,131388,130042,127671,129324,127424,124767,124470,123363,118658,111146,104364,103082,100387,100501,101361,107861,110751,107639,107487,113559,112400,113130,113240,114109,114771,111920,111105,109509,106704,98684,93043,90388,87783,80150,78347,76054,75130,73221,72426,71947,70347,68475,66620,64816,60428,59336,57333,56459,55014,53693,52216,50911,49024,47548,46896,46256,46459,46413,47943,47775,47849,47939,47385,47485,47412,47662,47486,47446,45301,45329,45090,44137,43755,44160,44566,44539,44271,44765,44981,44447,44714,44199,45019,43588,44007,45616,46559,45924,48259,50034,51450,50982,51792,53641,54503,55442,57550,59217,59837,60595,62226,63852,64229,64147,66610,70841,73020,75969,78705,81584,86372,92811,98607,103306,107779,114691,121178,130757,137394,138519,148481,159367,167080
US Colorado,5758736,268431,69084,1199.6382539502,0.3188251963,,,0,0,0,0,0,0,0,0,0,0,0,0,0,0,0,0,0,0,0,0,0,0,0,0,0,0,0,0,0,0,0,0,0,0,0,0,0,0,0,0,0,0,2,2,8,8.5,9,12,28,45,72,100,130,144.5,159,181,214,275,355,466.5,582,708,884,1041,1358,1633,1930,2161.5,2467,2783,3126,3451,3810,4090,4359,4452,4517,4569,4772,4776,4832,4996,5064,4975,4938,4947,4874,4868,4780,4934,5018,5223,5060,5745,6075,6138,6188,6375,6478,6609,6721,6792,6905,6801,6917,6952,7109,6572,6407,6262,6000,5841,5717,5554,5464,5408,5303,5295,5118,4967,4820,4660,4589,4471,4390,4408,4292,4283,4381,4465,4440,4375,4306,4263,4169,4128,3884,3827,3914,3782,3732,3526,3209,2919,2752,2722,2654,2613,2541,2572,2501,2538,2522,2546,2656,2832,2974,3005,3177,3212,3273,3356,3451,3432,3517,3526,3552,3771,3961,4046,4395,4569,4606,4731,4971,5126,5374,5725,5922,6077,6309,6395,6582,6789,6789,7198,7423,7323,7628,7641,7478,7465,7479,7574,7402,7335,7290,7122,6913,6535,6324,6474,6127,5960,6015,5729,5571,5460,5402,5237,4913,4794,4693,4559,4483,4302,4359,4237,4124,4235,4203,4047,4054,4144,4118,4057,4069,4106,4131,4146,3874,3927,3842,3719,3866,4101,4275,4324,4667,4858,5095,5367,5583,5912,6379,6749,7032,7434,7603,7755,7791,7926,7850,8073,8148,8199,8219,8138,8138,8253,8568,8693,9132,9382,9547,10060,10241,10700,11332,11814,12226,12837,13391,13927,14437,14953,15758,16628,18263,18648,19431,20096,21196,22981,24608,25773,27127,28788,30784,32897,34567,35895,37237,39694,42194,45585,49612,51884,53507,55566,57335,59057,61795,64097,66712,67616,67752,68012,68228,69084
US Connecticut,3565287,12542,23253,652.2055587671,0.2130332014,,,0,0,0,0,0,0,0,0,0,0,0,0,0,0,0,0,0,0,0,0,0,0,0,0,0,0,0,0,0,0,0,0,0,0,0,0,0,0,0,0,0,0,0,0,0,0,1,1,2,3,6,8.5,11,20,26,41,68,95,191,204.5,218,405,606,856,991,1264,1491,1959,2535,3059,3472,3712,4720,5067.5,5452,6491,7163,7907.5,8772,9247,9986,10042,10810,10861,11198,12060,11895,11903.5,11875,12909,12579,13686.5,13316,13383,13072,13234,12409.5,12323,12012,11816,11955,11846,11737,10139,10261,8526,8684,8490,8402,8285,7974.5,8021,8088,7764,7321,7677.5,8132,8162,7809,8022,7424,7229,7038,6914,7108,6970,6433,6095,5677,5319,4782,4627,4549,4074,4031,3820,3796,3500,3219,2876,3059,2902,2927,2972,2887,2492,2370,2338,2201,2097,1897,1787,1690,1720,1566,1533,1370,1212,1215,1127,1165,1143,1206,1160,1088.3333333333,1134.6666666667,1194,1134,1195,1215,1228,1155.3333333333,1132.6666666667,1148,1016,1064,1104,1176,1143.6666666667,1111.3333333333,1079,1063,1115,1023,1489,1483.6666666667,1478.3333333333,1473,1547,1904,1920,1917,1947,1977,2007,2014,2002,2013,1544,1557.3333333333,1570.6666666667,1584,1607,1166,1112,1087,1126.3333333333,1165.6666666667,1205,1145,1089,1187,1199,1280.6666666667,1362.3333333333,1444,1356,1514,1568,1598,1602.6666666667,1607.3333333333,1612,1751,1794,1777,1846,1786.25,1726.5,1666.75,1742,1651,1743,1831,1892.6666666667,1954.3333333333,2016,2025,2058,2177,2162,2223.4166666667,2284.8333333333,2346.25,2378,2444,2379,2261,2258,2255,2252,2298,2384,2356,2770,2878.6666666666,2987.3333333334,3096,3081,3049,3276,3451,3710.6666666666,3970.3333333334,4230,4368,4311,4286,4533,4655.6666666667,4778.3333333333,4901,5214,5507,5625,6014,6250,6486,6722,6940,7266,8418,8377,8863.6666666667,9350.3333333333,9837,10160.5,10502,11687,12073,12503.3333333334,12933.6666666666,13364,14350,15614,15453,17438,18100.6666666666,18763.3333333334,19426,20370.5,21655,22321,23344,23988.3333333333,24632.6666666667,25277,24293,24411,23253
US Delaware,973764,5047,6033,619.5546354147,0.1796658626,,,0,0,0,0,0,0,0,0,0,0,0,0,0,0,0,0,0,0,0,0,0,0,0,0,0,0,0,0,0,0,0,0,0,0,0,0,0,0,0,0,0,0,0,0,0,0,0,0,0,1,4,5,6,7,8,16,25,30,38,45,56,68,90,113,126,158,205,222,253,303,343,363,412,548,617,732.5,837,952.5,1077,1163,1265,1320,1361,1442,1646,1682,1873,1837.5,1865,1944.5,2003,2132.5,2101,2116,2097,2482,2537,2814,2641,2659,2595,2607.5,2670,2543,2440,2578,2631,2669,2701,2413,2403,2166,2297,2489,2455,2509,2462,2581,2666,2416,2447,2418,2413,2362,2400,2325,2144,1948,1863,1875,1828,1736,1648,1518,1360,1244,1155,1133,1007,954,960,935,937,807,766,735,718,732,753,838,836,833,848,827,833,874,844,862,962,1036,1071,1066,1232,1312,1315,1353,1473,1567,1573,1551,1635,1652,1578,1503,1495,1540,1383,1414,1433,1391,1339.5,1332,1330,1393,1550,1432,1486,1527,1507,1552,1575,1451,1448,1430,1422.5,1391,1504,1441,1243,1327,1285,1228,1223,1231,1278,1552,1519,1502,1481,1456,1347,1353,1325,1326,1320,1308,1263,1153,1009,743,953,892,893,942,906,935,982,1064,1148,1307,1346,1401,1490,1513,1377,1506,1508,1602,1685,1665,1614,1557,1523,1418,1453,1443,1481,1489,1430,1411,1452,1394,1379,1469,1571,1676,1677,1696,1705,1720,1735,1742,1842,1870,1900,1863,1852,1773,1787,1817,1850,1833,1859,1825,1846,1860,1849,1831,1879,1855,1927,1993,2027,2009,2033,2115,2101,2159,2225,2348,2411,2642,2740,2863,2950,2993,3265,3444,3677,3889,4126,4221,4400,4781,5063,5205,5303,5552,5653,6033
US District of Columbia,705749,158,2229,315.8346664324,0.107494213,,,0,0,0,0,0,0,0,0,0,0,0,0,0,0,0,0,0,0,0,0,0,0,0,0,0,0,0,0,0,0,0,0,0,0,0,0,0,0,0,0,0,0,0,0,0,0,1,1,5,7.5,10,12,14,16,17,22,31,39,70,76,97,114,132,175.5,221,255,290,326,384,473,555,614,686,825,900,981,1074,1257,1292,1393,1474,1533,1554,1563,1611,1697,1719,1764,1795,1830,1887,1766,1838,1868,1921,1966,1937,1936,1909,1973,2182,2131,2223,2243,2224,2255,2293,2371,2403,2431,2497,2491,2478,2413,2213,2245,2107,2100,2112,2090,2134,1994,1864,1823.5,1836,1849,1822,1756,1667,1675,1678,1587,1452,1465,1332,1306,1303,1236.5,1164,1140,1131,1097,1116,992,966,942,932,831,783,753,715,688,669,620,591,570,531,507,481,493,509,518,487,483,463,462,457,475,514,520,558,585,599,614,619,661,686,680,747,779,824,858,887,892,906,916,933,952,999,973,981,1011,1011,1013,974,971,914,947,940,936,973,949,951,960,967,992,954,946,960,927,911,891,880,881,837,832,788,763,770,733,766,739,719,724,723,726,717,704,689,676,678,665,618,642,627,633,630,638,666,655,666,664,676,663,659,663,694,670,663,658,642,613,583,568,571,571,564,569,631,647,659,680,703,734,758,768,806,808,832,861,851,848,793,801,772,766,788,783,790,838,841,908,889,932,999,1043,1079,1103,1145,1183,1185,1234,1275,1267,1406,1433,1522,1548,1608,1626,1785,1864,1996,2016,2070,2150,2203,2236,2137,2229
US Florida,21477737,138887,95131,442.9284146649,0.1004597891,,,0,0,0,0,0,0,0,0,0,0,0,0,0,0,0,0,0,0,0,0,0,0,0,0,0,0,0,0,0,0,0,0,0,0,0,0,0,0,0,0,0,2,3,7,8,10,12,13,18,18,24,29,48,87,118,143,204,302,376,516,718,1015,1187,1466,1957,2486,3125,3793,4638,5463,6305,7238,8430,9569,10514,10979,11962,12685,13234,13732,14161,14520,14453,14523,14211,14076,14007,13809,13402,13352,12939,12792,12443,12624,12270,12001,11711,11537,11288,10905,10683,10303,10194,10249,10077,9799,9727,8857,8888,8774,8638,8496,8952,9230,9039,8816,9320,9206,9244,9138,9703,10084,10052,9916,10513,10410,10086,9908,10343,10615,10349,10395,10385,11119,11194,11488,11999,12846,12895,13550,14317,15372,15785,17509,18772,19832,21921,23139,24568,26862,29620,32845,34567,37207,41436,44758,51938,58996,65217,68820,72156,76274,83022,89033,96361,101600,105086,108587,113063,116962,119398,120138,126933,133777,136933,140380,144697,146547,145390,147919,152087,154051,153768,154990,156060,157831,151928,148525,148480,147808,143884,141610,140939,135610,130019,126113,121873,119334,114555,110853,107746,103092,99716,98491,94883,93980,90769,87460,85295,83725,82381,79324,76399,72316,69181,67255,64158,59000,56002,51737,48578,47378,46605,50305,48535,47506,46037,45370,44879,44467,43599,42668,41976,41848,41884,41732,41574,36830,36808,36594,36624,36541,36525,36384,37001,37589,37529,36734,36297,35749,34759,35225,34817,34095,33528,32771,32060,31795,31582,31532,32301,32345,32321,33181,33972,33420,34348,35083,35838,37053,37741,38026,39381,38943,41158,41923,43597,43238,45055,46624,47821,48646,50664,48979,51310,54188,55185,57411,58070,59602,59601,63872,64381,64437,66101,67494,68871,70993,76008,75969,78701,82096,84858,88539,92334,92089,94358,98178,100635,95131
US Georgia,10617423,148959,33719,317.5817710192,0.0814647664,,,0,0,0,0,0,0,0,0,0,0,0,0,0,0,0,0,0,0,0,0,0,0,0,0,0,0,0,0,0,0,0,0,0,0,0,0,0,0,0,0,0,0,2,2,2,6,7,12,17,22,31,41,65,98,120,145,195,277,407,493,577,747,994,1207,1477,1937,2297,2552,2688,3783,4441,5061,5411,5653,6047,6542,7792,8654,9041,9482,9793,9801,10506,10294,10349,10321,11363,11509,11654,11633,11063,10839,10946,10664,10536,10949,10598,10392,10636,10486,10076,10637,10301,10421,9830,9956,9927,9959,9837,10040,10014,10020,9709,9703,9411,8841,9099,8713,9010,8951,8966,9112,9600,9397,9417,9095,9089,9212,8989,9139,9285,9537,9486,9247,9442,9403,9177,9060,9153,9519,9559,9903,10113,10515,10695,10796,10871,11136,11065,11388,12500,12803,13431,14429,15401,16122,17212,18184,19529,21003,22213,24207,26797,28484,29510,30815,31136,32792,34509,35632,38216,39416,39716,41152,42672,43597,43566,44690,46553,47607,48511,48518,48412,49861,50190,50787,51027,50274,51089,50489,51011,51169,50140,50054,49860,48960,49411,48307,47603,48239,48643,48182,47536,47830,46382,45543,45156,43853,43426,43729,42269,41846,40626,38795,37353,37228,35766,34437,34406,33477,32590,31943,31610,31020,30631,30547,29724,29326,29250,27554,26996,26697,26049,25409,25147,25341,24866,24136,24443,23615,23383,23473,22956,23532,22871,22391,21923,21733,20968,20371,19944,19473,18970,18431,17897,17057,16770,16375,16429,16464,16361,16518,16396,16724,17030,16998,16575,16907,17216,17306,17633,17596,17788,17608,18128,18727,19336,19514,19570,20068,20424,20607,20375,21406,21424,21611,22151,22702,22833,22347,22220,22155,22300,22682,22669,23342,24280,24207,24967,25009,26877,27438,28273,29304,30610,31333,32039,32590,33308,33719
US Guam,162742,543,898,551.7936365536,0.1330764671,,,0,0,0,0,0,0,0,0,0,0,0,0,0,0,0,0,0,0,0,0,0,0,0,0,0,0,0,0,0,0,0,0,0,0,0,0,0,0,0,0,0,0,0,0,0,0,0,0,0,0,0,0,0,0,3,5,8,12,14,15,26,28,31,36,44,50,54,55,55,64,69,70,70,78,85,84,89,88,83,79,78,77.0909090909,75.1818181818,64.2727272727,56.3636363636,51.4545454545,49.5454545455,40.6363636364,21.7272727273,20.8181818182,12.9090909091,9,10,10,8,8.4090909091,8.8181818182,10.7272727273,11.6363636364,12.5454545455,13.4545454545,14.3636363636,16.2727272727,15.1818181818,16.0909090909,17,13.1666666667,11.3333333333,10.5,10.1666666667,9.8333333333,8,7.5,7,7,8.2,8.4,11.6,12.8,14,14.0833333333,14.1666666667,14.25,14.3333333333,15.6666666667,17,17.5,19,18.5,16.8,15.6,14.4,14.2,13,13.75,13.7,13.65,13.6,12.3,11,12,11,11.5,12,11.3333333333,10.6666666667,9,10,14,20.8,42.6,43.4,44.2,45,49,62,64,65.3333333333,67.3333333334,69.3333333333,73,79,87,86,66,71.5,77,78,76,64,62,61.6666666667,59.5833333333,57.5,53.75,46,34,28.5,27,22.5,18,24,23,23,27,28,30.75,33.5,36.25,38,40,41.5,52,50.5,49,48,59,65,74,72,72,72,85,98,123,146,142,148.5,190,202,210,307,356,381.5,405,489,550,671,755,785,838,855,837,870,895,856,852,877.5,865,792,729,638,614,576,544,538,532,519,519,485,455,446,447,448,477,477,417,423,463,463,463,477,475,505,543,582,594,606,624,633,671,703,702,706,780,823,853,877,921,918,949,1003,1072,1100,1122,1152,1119,1138,1166,1152,1125,1122,1090,1064,1015,937,926,935,948,936,938,1017,1137,1236,1289,1301,1296,1284,1431,1482,1422,1443,1412,1375,1363,1316,1129,1001,950,898
US Hawaii,1415872,16635,1444,101.9866202595,0.0807561098,,,0,0,0,0,0,0,0,0,0,0,0,0,0,0,0,0,0,0,0,0,0,0,0,0,0,0,0,0,0,0,0,0,0,0,0,0,0,0,0,0,0,0,0,0,0,1,1,2,2,2,2,2,2,2,7,10,14,16,26,36,47,54,75,88,93,104,118,149,168,194,194,242,259,282,303,315,310,320,340,336,345,335,324,300,309,272,256,234,223,209,197,176,157,154,136,117,107,103,92,83,77,66,46,40.5,37,39,34,33,29,28,26,27,26,25,19,19,19,19.5,19.5,16,17,18,12,12,11.25,9.5,8.75,6,10,11,12,12,12,12,11,8,22,30,31.75,32.5,38.25,41,45,57,72,76,83.5,87,90,107,125,130,139,140,137,150,158,160,149,171,164,177,182,184,186,196,209,214,252,259,280,292,328,321,343,347,366,365,359,355,358,363,347,341,360,391,420,463,468,493,573,678,777,843,861,1055,1173,1328,1424,1566,1726,1815,1927,2201,2447,2438.5,2432,2628,2800,2767,3018,3081,3044,2957,3010,3102,3346,3164,2948,3138.5,3287,3314,3297,3257,3044,3147,3244,3401,3337,3255,2975,3034,2994,2857,2763,2583,2495,2441,2325,2089,2037,1903,1792,1707,1659,1525,1594,1515,1477,1475,1461,1469,1491,1509,1455,1412,1436,1429,1423,1443,1384,1395,1428,1372,1375,1330,1304,1283,1268,1259,1222,1234,1221,1226,1195,1196,1171,1189,1207,1202,1205,1167,1154,1169,1141,1142,1182,1181,1259,1256,1254,1293,1302,1328,1342,1398,1418,1436,1475,1486,1461,1443,1395,1414,1438,1432,1417,1414,1444,1444
US Idaho,1787065,214045,19382,1084.5716300191,0.2008434971,,,0,0,0,0,0,0,0,0,0,0,0,0,0,0,0,0,0,0,0,0,0,0,0,0,0,0,0,0,0,0,0,0,0,0,0,0,0,0,0,0,0,0,0,0,0,0,0,0,0,0,0,0,2,5,6,7,9,11,23,31,42,47,50,73,123,186,226,256,304,408,516,658,868,982,1035,1054,1120,1137,1109,1164,1166,1146,1116,1038,939,918,718,642,591,571,566,556,570,483,474,480,471,464,488,397,406,380,393,411.5,370,361,356,342,335,343,348,343,341,340,336,354,358,353.5,349,349,348,356,390,396,405.3333333333,414.6666666667,406,407,418,414,420,435.5,451,457,484,520,516,513,513.6666666667,514.3333333333,521,529,533,550,560,558,556,607,642,689,760,867,966,1065,1182,1385,1563,1795,1920,2105,2290,2577,2738,2850,3123,3364,3603,3798,4137,4324,4563,4780,5186,5366.5,5650,5601,6075,6540,6758,6932,7140,7214,7283,7353,7308,7336,7322,7275,7292,7504,7234,7113,6969,6812,6471,6409,6412,6385,6663,6658,6668,6494,6406,6373,6454,6385,6452,6363,6316,6267,6092,5989,5721,5447,5167,5182,4970,4880,4647,4491,4211,4200,4207,4146,4042,3968,3807,3827,3815,3814,3671,3506,3530,3495,3566,3490,3412,3444,3442,3429,3562,3763,3770,3824,4160,4366,4433,4617,4807,5129,5222,5391,5624,5955,6072,6279,6455,6473,6521,6735,7010,7192,7331,7405,7565,7740,7813,7844,8049,8466,8880,9128,9368,9581,9897,10174,10585,10993,11278,11378,11676,11893,12136,12106,12026,11996,12055,12361,12664,12979,13236,13618,13617,14186,14505,15336,15533,15988,16709,17157,17499,18101,18121,18399,18855,18522,18692,18863,19302,19382
US Illinois,12671821,143793,160947,1270.1173730279,0.2307520262,,,0,0,0,0,0,0,0,0,0,0,0,0,0,0,0,0,0,0,0,0,0,0,0,0,0,0,0,0,0,0,0,0,0,0,0,0,0,0,0,0,0,0,4,5,5.5,6,6.5,7,19,22,25,32,46,64,93,158,284,417,579.5,747,1040,1261,1516,1843,2512,2992,3444,4531,4964,5835,6692,7273,8319,9604,10207,10989,12014,13213,13884,14861,15689,16256,16968,17253,17613,18038,18671,18803,19101,19246,19510,20030,20512,21771,22597,23051,23858,24855,25762,27185,28480,29345,31142,32332,32903,33124,33939,34102,34308,33838,33124,34919,34343,35019,34314,33952,32692,32645,32068,32186,31813,31684,31711,32563,33010,30174,29608,27896,27086,26460,26069,24749,24818,23412,22073,20471,19094,17453,17122,16741,16255,15494,14604,13815,13144,12643,11652,11216,10880,10555,10214,10005,9085,8889,8979,9107,9285,9398,9372,9637,9738,10020,10296,10402,10630,10611,10763,10749,11014,11138,11555,11964,12272,12417,12400,12759,13147,13637,14051,14377,14936,15304,15922,16528,16800,17031,17618,17966,18335,18541,19056,19609,19972,20474,20599,21115,21276,21605,22109,22873,22714,22802,23275,23527,23589,23905,24094,24189,24664,24933,25469,25348,25538,25704,26215,26508,26639,27151,27024,27162,27214,27644,27539,27291,27124,26652,29953,30403,29913,29682,29394,28574,28820,28698,28939,28409,28114,28088,27901,28597,25226,24949,24948,25044,25183,25694,25998,26491,26811,26953,27289,27185,27517,27627,27860,27773,27824,28200,28286,29068,29870,30182,30646,31769,32802,34291,34880,36729,39376,40563,43355,44615,46712,48424,50307,52190,55446,56781,58768,59917,63165,65513,68899,73169,75904,79013,81815,85011,90004,96794,103071,109018,114862,123485,130032,136371,143297,146426,150077,155487,161572,162956,167633,168855,168308,168311,166060,162906,161627,160947
US Indiana,6732219,92789,87929,1306.0923894484,0.2757311207,,,0,0,0,0,0,0,0,0,0,0,0,0,0,0,0,0,0,0,0,0,0,0,0,0,0,0,0,0,0,0,0,0,0,0,0,0,0,0,0,0,0,0,0,0,1,1,2,2,6,10,12,13.5,15,19,23,28,37,54,77,122,195,252,353,463,628,957,1201,1482,1751,2110,2500,2961,3335,3827,4210,4685,5142,5466,5706,5926,6203,6414,6450,6368,6390,6503,6717,6688,6799,6742,6590,6495,6688,6773,6960,7084,7725,8061,8227,8293,8476,8654,8723,8821,8936,9432,9464,9466,9337,9114,8666,8539,8291,8218,8025,7985,7845,7748,7672,7404,7433,7263,7169,7250,7088,6951,6964,7015,6903,6931,6796,6575,6532,6438,6160,6169,6096,6021,5908,5955,5900,5680,5588,5332,5335,5600,5549,5301,5342,5168,5064,5026,5010,4838,4803,4907,4994,5032,5021,4798,4808,4939,4949,5169,5371,5585,5698,5755,5923,5920,6160,6504,6682,6809,7091,7418,7693,7898,8222,8563,8875,9290,9610,10027,10298,10441,10760,10870,10993,10929,11173,11341,11468,11286,11227,11339,11302,11413,11656,11767,11956,12085,12184,12223,12312,12478,12554,12558,12573,12592,12361,12262,12063,12030,11604,12600,12559,12837,12939,12681,12758,12898,13190,13044,13414,13577,13567,13644,13872,12802,12359,12126,11739,12192,12127,12491,12344,12338,12059,11792,11799,11798,11701,11633,11846,11852,11993,11902,11988,11646,11782,11837,12210,12530,12957,13300,13641,13949,14320,14890,15441,16086,16862,17531,18233,19038,19250,20036,20855,21918,22436,23190,23718,24169,25569,26220,27043,27626,28026,28460,29843,31518,32398,33381,34526,36019,37402,39368,40930,43110,45268,47767,49928,52774,55262,58235,60672,65529,69489,71559,74141,76458,79327,81488,83461,84983,86404,87200,88147,87929
US Iowa,3155070,144669,41483,1314.8044258923,0.2104817186,,,0,0,0,0,0,0,0,0,0,0,0,0,0,0,0,0,0,0,0,0,0,0,0,0,0,0,0,0,0,0,0,0,0,0,0,0,0,0,0,0,0,0,0,0,0,0,0,3,8,13,14,16,17,18,22,23,29,38,45,68,90,102,116,132,165,219,281,318,402,474,520,576,654,718,778,841,924,1000,1091,1153,1212,1251,1286,1402,1446,1527,1633,1727,2034,2213,2593,2603,2654,3057,3582,3889,4158,4477,4848,5004,5552,6128,6267,6544,6470,6656,7135,7012,6579,6483,6505,6536,6446,6530,6165,5687,5482,5252,5238,5210,5111,5047,5222,5293,5204,4791,5071,4898,4877,4916,4901,4742,4667,4441,4635,4648,4585,4415,4410,4533,4191,4365,4411,4473,4374,4356,4163,4406,4049,4123,4018,4296,4064,4137,4154,4259,4349,4295,4563,4729,4828,4990,5355,5154,5545,5390,5606,5656,5804,6043,6298,6635,6582,6747,6842,6840,6923,7293,6866,7370,7509,7445,7284,7394,7287,7024,7129,7025,6928,6986,6906,6860,7069,6769,6675,6568,6866,6727,6594,6612,6589,6517,6552,6529,6298,6350,6817,6936,6881,6909,6629,6654,7141,7452,7486,7562,7965,8429,9450,10039,9956,10292,10606,10968,11357,11508,11608,11907,12016,12051,11845,11268,10619,10162,9957,9770,9548,9358,9435,9505,9597,9416,9388,9655,9748,10420,10666,10912,11238,11146,11126,11199,11516,11606,11348,11412,11417,11121,11047,10961,11074,11142,11327,11710,11807,11862,11788,12083,12387,12633,12864,13057,13077,13306,13480,13687,14243,14311,14595,14923,15658,16265,17239,18652,20007,20855,21453,22550,25107,26636,28714,30884,34518,36395,38911,40621,42450,43973,45315,45981,47081,48099,47581,48280,47740,46964,44934,43496,42442,41483
US Kansas,2913314,211754,35431,1216.1751187823,0.239727464,,,0,0,0,0,0,0,0,0,0,0,0,0,0,0,0,0,0,0,0,0,0,0,0,0,0,0,0,0,0,0,0,0,0,0,0,0,0,0,0,0,0,0,0,0,0,0,1,1,1,1,4,6,6,7,10,14,15,33,43,53,62,80,96,123,164,196,254,311,357,413,466,518,576,643,683,763,802,920,938,964,1007,1018,1008,998,1012,1036,1085,1092,1102,1141,1125,1165,1376,1611,1788,1837,1952,2065,2244,2650,2744,2956,3181,3259,3433,3523,3662,3724,3695,3774,3788,3801,3730,3439,3437,3291.3333333333,3158.6666666667,3095,2981.5,2805,2604.5,2457,2293.6666666667,2183.3333333333,2102,1985.5,1869,1851,1833,1779,1725,1671,1651,1631,1533,1435,1434,1433,1432,1453.5,1475,1401.5,1328,1354.6666666667,1381.3333333333,1408,1459.5,1511,1588.5,1666,1715.6666666666,1765.3333333334,1815,1986.5,2158,2324.5,2491,2668.6666666667,2846.3333333333,3024,3166.5,3309,3584.5,3860,4052,4244,4436,4542,4648,4860.5,5073,5253.6666666666,5434.3333333334,5615,5779,5943,5994.5,6046,6175,6304,6433,6459.5,6486,6492,6498,6370,6242,6114,6025.5,5937,5892,5847,5745.3333333334,5643.6666666666,5542,5577.5,5613,5571,5529,5538.6666666667,5548.3333333333,5558,5617.5,5677,5875,6073,6145.6666666666,6218.3333333334,6291,6232,6173,6195.5,6218,6369,6520,6671,7030.5,7390,7276.5,7163,7257,7351,7445,7747.5,8050,8207,8364,8413.6666666667,8463.3333333333,8513,7993,7473,7405.5,7338,7321,7304,7287,7108.5,6930,6997.5,7065,7058.3333333333,7051.6666666667,7045,7430.5,7816,8011,8206,8380.6666666667,8555.3333333333,8730,8804.5,8879,8852.5,8826,8800.3333333333,8774.6666666667,8749,8737.5,8726,8970.5,9215,9221,9227,9233,9319.5,9406,9575,9744,9916,10088,10260,10382,10504,10463.5,10423,10553.3333333333,10683.6666666667,10814,11852,12890,13608,14326,14970.3333333334,15614.6666666666,16259,17009,17759,19581,21403,22561,23719,24877,26028.5,27180,28753,30326,31388.6666666666,32451.3333333334,33514,34946.5,36379,36639.5,36900,37435.3333333334,37970.6666666666,38506,38539,38572,35431
US Kentucky,4467673,102269,36459,816.0624110135,0.2194487748,,,0,0,0,0,0,0,0,0,0,0,0,0,0,0,0,0,0,0,0,0,0,0,0,0,0,0,0,0,0,0,0,0,0,0,0,0,0,0,0,0,0,0,0,0,0,1,1,4,6,8,9.5,11,13,15,20,21,25,34,46,52,96,100,118,149,188.5,237,288,378,418,458,565,645,723,777,818,851,884,992,1148,1445,1464.5,1446,1524,1568,1619,1611,1659,1691,1790,2005,2042,2043,2027,1788,2012.5,2065,2111,2098,2165,2248,2279,2357,2297.5,2170,2195,2630,2561,2648,2509,2535,2484.5,2531,2478,2541,2517,2565,2683.5,2748.5,2824,2350,2341,2157,2138,2131,2181.1666666667,2231.3333333333,2224,2050.5,1959,2020,2016,2167.5,2116,2238,2430,2691,2861,2810.5,2736.3333333333,2799.6666666667,2806,2814.5,3011,2981,2842,2601,2644,2585,2492,2477,2343,2368.5,2363,2433,2480,2672,2664,2600.5,2686,2700,2795,2847,2882,2922,3004.6666666667,3143.3333333333,3313,3378,3556,3628,3811,4075.5,4157,4306,4599,4835,5004,5229,5549.3333333333,6267.6666666667,6262,6541,6621,6902,7261,7643,7690,7948,7903,8050,8303,8546,8539,8024,8094,8137,8201,8107,7865,7814,7903,7653,7667,8218,8300,8147,8207,8130,8183,8102,8185,8372,8469,8319,8547,8645,8775,8285,8292,8459,8647,8717,8705,8886,9065,9259,9412,9567,9245,9165,8751,8747,8794,8947,8838,8913,8886,8815,8773,8485,8451,8642,8768,8853,9412,9540,9386,9362,9621,9546,9657,9856,10076,10358,10599,10895,11075,11241,11463,13070,13297,13390,13409,13801,13991,13835,14173,14467,14779,14796,14990,15089,15350,14409,14844,15292,16035,16650,16936,17946,18481,19110,19736,20422,21035,21423,21835,22013,22978,23757,24181,23896,24701,25009,25850,26375,27602,28918,28944,29427,30629,31744,33113,34701,36247,37262,37665,38192,38795,36459
US Louisiana,4648794,111898,27107,583.0974657083,0.1201349064,,,0,0,0,0,0,0,0,0,0,0,0,0,0,0,0,0,0,0,0,0,0,0,0,0,0,0,0,0,0,0,0,0,0,0,0,0,0,0,0,0,0,0,0,0,0,0,0,1,1,6,14,36,51,88,113,133,234,339,461,564,817,1138,1342,1730,2222,2627,3178,3389,3840,4998,6151,8803,9824,11916,12173,13695,14896,15235,15978,16507,16699,17055,16991,16281,15527,13382,12821,11084,10918,9656,8570,8228,7456,6887,6498,6178,6052,5768,5709,5469,5593,5560,5412,5150,5142,5141,4913,4715,4905,4827,4747,4764,5002,5488,5126,4977,5092,5036,5042,4917,5852,6070,5623,5569,5994,6004,5835,5313,5352.5,5460,5484,5632,5708,5817,5058,5064,5446,5647,5241,5558,5533,5670,5805.5,6706,6703,6831,6960,7501,7012.5,6526,6899,6962,7189,7983,8447,8943,9774,9219.5,9617,9909,10389,11544,12986.5,14774,14872.5,15448,16088,16668,17674,18579,19867,21300.5,21886,22746,23947,23953,24850,25301,25890.5,26480,28565,28320,29203,29656,29098,28851,29452,30090,28996,28642,28070,27690,27865.5,28041,25954,27878,26589,25596,25012,24418.5,23825,22044,22087,21531,20958,20457,19314,18171,17639,14664,13960,13575,12974,12259,11544,11605,10991,11357,10899,10207,10428.5,10650,10409,10458,10831,10726,10649,10735,10821,10507,10213,10229,10016,10165,9993.5,9822,9988,9670,9131,8796,8953,8723.5,8494,8428,8924,7979,8092,8043,7864,7685,7433,7595,7593,7666,7504,7482.5,7461,7436,7216,8756,8703,8254,8383,8512,8332,8481,8751,8943,8900,9025,9150,9133,9300,8507,8755,9197,9092.5,8988,9155,9395,9613,9264,8923,8887,8851,8925,9379,9032,8941,9112,9259,9406,9570,9978,10794.5,12315,15332,16062.5,16793,17064,18537,19750,21121,24994,26102.5,27211,27788,29701,29021.5,27107
US Maine,1344212,79883,2870,213.5079883233,0.2547714159,,,0,0,0,0,0,0,0,0,0,0,0,0,0,0,0,0,0,0,0,0,0,0,0,0,0,0,0,0,0,0,0,0,0,0,0,0,0,0,0,0,0,0,0,0,0,0,0,0,0,0,1,3,3,3,17,32,43,53,57,73,89,107,125,149,154,165,208,250,258,271,301,323,375,383,381,392,394,388,405,418,405,380,423,431,426,420,395,391,397,376,369,370,377,379,374,382,325,306,286,299,296,305,318,330,338,347,393,409,418,421,439,437,459,470,480,496,502,508,515,565,547,574,605,619,612,632,622,624,623,634,638,636,636,599,569,534,511,515,514,497,500,478,495,475,468,461,442,418,432,431,414,387,383,388,380,403,381,397,398,409,434,458,450,460,459,458,452,446,443,416,397,366,348,339,313,284,270,263,249,272,288,283,270,251,258,270,275,274,272,288,290,276,291,271,259,252,262,260,257,236,228,217,212,204,201,203,207,210,227,238,242,256,271,291,293,307,318,319,325,321,345,344,329,335,333,364,347,350,347,345,345,345,346,356,345,351,377,370,374,345,373,368,397,405,433,437,455,443,426,425,397,419,450,469,463,451,440,439,419,433,424,431,436,435,452,443,425,405,397,427,420,417,424,423,425,429,441,478,502,531,571,631,705,755,776,837,937,1050,1196,1349,1466,1492,1634,1749,1815,1928,2069,2123,2229,2318,2437,2442,2474,2514,2520,2666,2656,2739,2825,2870
US Maryland,6045680,25142,30580,505.8157229625,0.1605417892,,,0,0,0,0,0,0,0,0,0,0,0,0,0,0,0,0,0,0,0,0,0,0,0,0,0,0,0,0,0,0,0,0,0,0,0,0,0,0,0,0,0,0,0,0,3,3,3,5,6,9,12,17,26,31,35,57,83,105,146,187,240,283,343,414,568,757,966,1208,1376,1603,1900,2224,2609,2935,3365,3757,4022,5106,5605,6194,6702,6986,7523,7812,8047,8453,8814,9183,9221,9639,9822,9246,9552,9648,10072,10356,10551,10641,10817,10958,11900,12165,12632,12724,12924,13388,13637,13869,13768,14006,13886,13948,13963,14161,13514,13495,13342,13354,14429,14160,14157,13939,13961,13726,13779,13626,13611,13806,14002,14047,13974,13565,12629,12659,12327,12346,11987,11660,11252,11217,11042,10488,9625,9290,8923,8705,8234,7987,7371,6778,6474,6333,6199,6103,5872,5580,5502,5145,5076,5222,5150,4949,5194,5413,5385,5326,5301,5389,5524,5670,5795,6017,6332,6273,6701,7098,7241,7410,7865,8499,8781,9149,9311,9389,9856,10587,10639,11349,11264,11269,11513,11975,12159,12143,12459,12309,12254,12169,12040,11527,11755,11382,11319,11099,10983,10529,10328,9938,9571,9381,9223,9224,9093,8942,8599,8411,8203,8102,7903,7789,7601,7579,7534,7628,7670,7783,7932,8084,8017,8214,8193,8089,8015,8060,8239,8319,8397,8382,8569,8507,8231,8137,8037,7685,7673,7722,7722,7635,7439,7293,7234,7066,6837,6991,7160,7075,7134,7223,7292,7367,7625,7800,7823,7954,7981,8032,8193,8038,8107,8308,8367,8363,8540,8572,8554,8532,8692,8922,8983,9398,9507,9839,9985,10154,10488,10841,11022,11530,11985,12814,13428,13717,14527,14968,15998,16513,17455,18809,19785,20661,22039,23057,24769,25581,27056,28143,28426,28755,29738,30580
US Massachusetts,6892503,20202,34405,499.1655426193,0.160326011,,,0,0,0,0,0,0,0,0,0,0,0,0,0,0,0,0,0,0,0,0,0,0,0,0,0,0,0,0,0,0,0,0,0,0,0,0,0,0,0,0,0,0,0,0,0,0,0,0,0,0,8,23,38,64,97,118,154,226,309,419,536,661,1034,1706,2276,3094,4086,4757,5529,6368,7452,8638,9989,11211,11855,13061,14044,14953,16525,17727,18608,20525,21141,21588,22331,23625,24822,25890,27418,27677,28064,28221,29149,30091,30582,29557,29668,30193,30295,29713,29186,28736,28267,27671,27103,27112,25729,24364,23395,22855,22000,21030,20232,19977,19110,18670,17923,17965,17654,16945,16363,15556,14919,14882,14809,14361,13723,12713,12091,11368,10955,13753,13238,12622,11979,11668,11470,10761,10355,10196,9936,9772,9547,9094,8638,4885,4722,4559,4359,4093,3804,3625,3584,3550,3455,3170,3011,3048,3064,3078,2997,2992,2916,2978,2902,2913,2927,2899,2991,3060,3040,2955,2930,3059,3248,3204,3243,3251,3400,3560,3652,3695,3718,3750,3875,3870,4040,4099,4052,4337,4517,4733,4802,4924,4868,5170,5323,5227,5306,5443,5403,5389,5525,5316,5221,4919,4857,4742,4756,4385,4772,4854,4925,4649,4651,4707,4713,4756,4805,5053,5133,5029,5120,5300,-3284,-3182,-3458,-3164,-3129,-3231,-3458,-3613,-3578,-3598,-3490,-3403,-3453,-3495,4568,4582,4824,4985,4978,5005,5007,5369,5447,5495,5510,5816,5992,6191,6417,6742,7049,7122,7407,7666,7988,7980,7943,8220,8290,8261,8591,8828,8876,8709,8715,8627,8713,9026,9507,9674,10279,10584,11148,11662,12114,12625,13226,13985,14800,15646,16047,16061,16121,17133,17946,18989,20088,20834,20950,21844,23323,24625,25949,27566,28568,29890,31379,32569,33389,33675,34579,35451,35896,36318,37053,34405
US Michigan,9986857,146435,93250,933.7271976559,0.2645892978,,,0,0,0,0,0,0,0,0,0,0,0,0,0,0,0,0,0,0,0,0,0,0,0,0,0,0,0,0,0,0,0,0,0,0,0,0,0,0,0,14,27,50,74,100,140,188,251,372,528,727,997,1361,1728,2174,2868,3609,4457,5176,6079,6835,7571,8690,9627,10608,11478,12438,13137,13596,14468,14995,15715,16100,16360,16558,16636,16723,16809,16729,16621,16373,16115,15882,15339,14959,14287,14079,13741,13448,13099,12709,12625,12641,12598,12558,12283,12123,12007,11925,11955,12050,11920,11643,11472,11315,10908,10426,10037,9619,9469,9244,9295,10103,9970,9531,9447,9351,9249,9003,9079,9020,8879,8726,8561,8424,7628,6434,6003,5761,5429,5298,5290,5001,4527,4231,4006,3746,3621,3512,3472,3092,2721,2652,2556,2515,2486,2272,2166,2115,2182,2276,2631,2742,2853,3030,3373,3540,3657,3843,3892,4138,4459,4592,4880,5078,5036,5230,5312,5703,5996,6074,6356,6691,6830,6975,7136,7824,8161,8418,8757,8927,9126,9159,9179,9368,9387,9496.5,9885,9975,10094,10061,9942,9981,9994,9893,9979,10116,10163,10225,10398,10324.5,10065,10133,10255,9715,10075,10150,10450,10498,10375,10228,10198,9962,9861,9853,10082,10380,10424,10791,10487,10412,10049,10267,10276,10417,10377,10624,10964,11147,10989,10717,10265,10383,10503,11115,11227,11146.5,11262,11149,11274,11480,11205,10896,11077.5,11259,11455,11396,11491,11126,11315,11365,11415,11851,12272,12290,12496,13184,13124,13064,13521,13833,14156,14439,15091,15392.5,15694,16042,16441,17901,19123,19516,20456.5,21397,22116,22780,23583,24306,26148,27210.5,28273,29482,31479,33130,34269,36619,38411,40203,41769,44288,48187,50387,53391,56015,58639,62908,65938,69140,74974,78386,81507,84628,89077,90898,92778,98672,100018,101337,102656,102494,100561,93250
US Minnesota,5639632,206232,87508,1551.6615268514,0.3024787161,,,0,0,0,0,0,0,0,0,0,0,0,0,0,0,0,0,0,0,0,0,0,0,0,0,0,0,0,0,0,0,0,0,0,0,0,0,0,0,0,0,0,0,0,0,1,2,2,5,11,21,43,62,90,128,179,246,269,287,302,325,347,388,433,481,522,578,597,597,644,670,704,769,816,831,868,937,988,1032,1072,1092,1119,1139,1189,1249,1348,1430,1549,1630,1697,1860,2020,2224,2633,3056,3321,3648,4175,4623,5147,5630,6068,6283,6497,7045,7424,7752,8058,8252,8194,8040,8192,8255,8304,8449,8627,8634,8605,8752,8966,9099,9254,9334,9444,9569,9145,9265,9216,8994,8650,8476,8306,7910,7534,7280,6708,6314,6088,5867,5912,5558,5211,4859,4450,4284,4149,3796,3506,3407,3385,3343,3614,3932,3791,3603,3564,3705,4153,4568,5078,5168,5421,5420,5535,5593,5413,5216,5342,5664,5826,6040,6151,6538,6732,6911,6867,7026,7137,7389,7590,8068,8538,8324,8372,8558,8721,8720,8872,9031,9111,9205,9345,9450,9718,9743,9453,9705,9818,9919,9697,9810,9745,9713,9558,9356,9301,9260,9225,9205,9156,8899,8839,8668,8948,8766,8686,8782,8868,8933,9397,9517,9844,10037,10148,10294,10467,10815,10833,11013,11003,10927,10901,10632,9859,9476,9331,9122,9085,8996,8728,8599,8841,8841,9430,9717,9814,10232,10763,11473,12071,12423,12689,13096,13321,13478,13559,14066,13809,13857,14318,14551,14910,15123,15169,15534,15801,16127,16809,16906,18030,18303,18986,19640,19791,19940,20230,20551,21294,21534,21933,22962,23501,25205,26069,27382,27860,29181,31565,34332,36713,40444,42832,47060,49416,52145,55126,59484,61874,67556,72909,77398,79853,81120,85041,86393,87998,89295,91712,93235,94733,87508
US Mississippi,2976149,121531,16717,561.6990278377,0.1134263343,,,0,0,0,0,0,0,0,0,0,0,0,0,0,0,0,0,0,0,0,0,0,0,0,0,0,0,0,0,0,0,0,0,0,0,0,0,0,0,0,0,0,0,0,0,0,0,0,0,0,0,1,4,6,10,12,21,34,50,79,139,206,248,319,375,479,571,650,744,831,916,1039,1127,1278,1315,1431,1489,1595,1626,1775,1890,1979,2023,2095,2150,2287,2447,2435,2519,2636,2774,2801,2891,2893,2965,3076,3130,3152,3255,3209,3191,3419,3467,3276,3365,3491,3530,3533,3656,3660,3590,3580,3566,3521,3668,3589,3682,3746,3555,3497,3543,3536,3534,3627,3751,3784,3823,3954,3889,3989,4106,4205,4320,4316,4355,4338,4135,3764,4018,4310,4394.5,4439,4415,4301,4119,4015,4047,4132,4319,4410.2,4540.4,4859.6,4687.8,4519,4772.5,4941,5729,5975,6183,6376,6768,7095,7259,7799.8,8422.6,9045.4,8942.2,8970,9316,9464,9075,9556,9888,10395,10113,10295,10667,11027,11107,11172,11738,12632,13310,14183,14462,15041,15678,16017,16277,16757,17237,17782,17918,18035,17915,17236,16675,16373,16347,15773,15549,14869,14692,13994,13570,12407,12183,11874,11583,11287,11008,11111,11049,10887,10622,10721,10756,10913,10736,10709,10364,10274,10540,10538,10377,9810,9667,9616,9210,8994,8725,8173,7695,7627,7881,7591,7198,7068,6939,6869,6819,6572,6609,6476,6426,6642,6768,6988,6857,7057,6985,7031,7115,6956,6951,7047,7080,7124,7147,7451,7668,7509,7649,7961,8073,8179,8303,8627,9253,9697,9839,9811,9889,9850,9882,10262,10195,10450,10493.5,10535,10676,10800,10448,10081,10154,10201,10273,10187,10152,10806,10978,10797,11263.5,11442,11521,11777,12078,12634,13180,13809,14033,14294,15121,14904,15575,16516,16491,16674,16406,16242,16717
US Missouri,6137428,178040,61892,1008.4354553732,0.2154541309,,,0,0,0,0,0,0,0,0,0,0,0,0,0,0,0,0,0,0,0,0,0,0,0,0,0,0,0,0,0,0,0,0,0,0,0,0,0,0,0,0,0,0,0,0,0,0,1,1,1,1,1,2,4,5,6,8,13,23,46,70,87,180,266.5,348,494,661,828,924.5,1018,1313,1563,1810,2066,2218,2277,2539,2767.5,2971,3037,3130,3186,3225.5,3357,3359,3314,3277,3170,3226,3300,3085,2904,2810,2782,2826,2802,2837,2783,2617,2530,2451,2552,2637,2719,2947,2975,2965,3020,2864,2840,2847,2747,2703,2717,2755,2621,2521,2403,2191,2164,2130,1999,2069,2086,2144,2249,2285,2350,2356,2339,2287,2358,2382,2495,2535,2717,2695,2690,2565,2567,2622,2695,2717,2790,2848,2852.5,2862,2839,2858,2851,2948,3148,3450,3409,3592.5,3681,4031,4329,4451,4575.5,4854,5137,5302,5375,5629,5625,5433,5713,6123.5,6336,6578,6652,6872,6868,6847,7275,7787,8139,8458,9033,9658,9768,10133,10859,11701,12786,13576,14484,15160,15997,17036,18412,19035,19010,18746,19263,19318,19258,18683,18027,17528.3333333333,17168.6666666667,16904,16112,15780,14963,14947,15139,15635,15736,15337,15354,15350,15585,16019.6666666667,15979.3333333333,15990,15701,15532,15777,15722,15793,16180,16074,16338,16538,16877,17251,17945,18359,18396,18477,18413,18017,18168,18944,19092,19382,19641,19374,19724,19914,19314,19410,19967,20253,20471,20720,21138,20880,20659,20607,19366,19526,19578,19268,19589,19587,19111,19217,18705,18845,18866,22216,21936.25,21768.5,22804.75,22566,22642,23174,23823,24265,24683,25042,25218,25567,25370,23222,24152.75,24567.5,25150.25,25953,27139,27629,28258,28839,30085,30799,32154,33853,35973,37614,39702,41419,43980,46136,47678,49176,52536,53916,54983,58462,60450,61246,61929,62246,62330,62456,61964,62024,61892
US Montana,1068778,376962,16651,1557.9474876916,0.278995342,,,0,0,0,0,0,0,0,0,0,0,0,0,0,0,0,0,0,0,0,0,0,0,0,0,0,0,0,0,0,0,0,0,0,0,0,0,0,0,0,0,0,0,0,0,0,0,0,0,0,0,1,1,5,7,7.5,8,10,12,16,20,31,34,46,53,70,107,124,147,163.5,176,198,215,227,245,255,265,273,279,283,257,248,233,223,215,196,188,179,161,147,136,118,107,88,79,68,61,55,52,48,38,32,29,23,22,19,17.6666666667,15.3333333333,14,13.3333333333,10.6666666667,10,10,10,11,12,13,13,13,15,21.3333333333,21.6666666667,21.3333333333,21.3333333334,21.3333333333,21.3333333333,19.6666666667,19,21,27,37,46,49,52,47,60,61.6666666667,60.3333333333,65,67.6666666667,73.3333333333,80,78,80,83,86,90,91,105,116,125,158,172,192,189,205,240,256,264,262,310,353,386,428,462,469,495,509,584,605,663,764,825,895,924,985,1080,1148,1238,1304,1321,1372,1385,1442,1444,1446,1583,1584,1538,1523,1580,1583,1599,1610,1660,1612,1602,1616,1692,1718,1629,1610,1636,1629,1592,1593,1576,1578,1557,1559,1532,1527,1470,1459,1487,1477,1472,1520,1517,1522,1522,1592,1590,1629,1663,1735,1799,1803,1788,1835,1827,1757,1683,1734,1722,1674,1681,1686,1735,1740,1776,1852,1999,2035,2113,2319,2444,2579,2779,2982,3086,3306,3480,3640,3853,3984,4193,4336,4418,4647,5151,5435,5835,6210,6595,6712,6887,7139,7433,7740,7877,8186,8543,8746,8649,8963,9104,9025,9178,9376,9735,9756,9920,10321,10568,10674,10862,11066,11243,11328,11444,11806,11799,11552,11805,12104,12178,12328,13085,13663,13775,14239,14627,14850,15346,15594,16001,16328,16353,16495,16651
US Nebraska,1934408,198974,30134,1557.7892564547,0.2509577268,,,0,0,0,0,0,0,0,0,0,0,0,0,0,0,0,0,0,0,0,0,0,0,0,0,0,0,0,0,0,0,0,0,0,0,0,0,0,0,0,0,0,0,0,0,0,1,1,3,3,5,10,13,14,17,18,21,24,27,32,37,47,47,49,56,63,72,82,91,127,151,186,219,247,283,315,359,395,458,494,550,604,683,669,699,691,706,787,817,924,1065,1201,1203,1246,1489,1721,1941,2214,2487,2473,2832,3215,3700,4039,4436,4435,4716,4958,5066,5410,5502,5287,5214,5318,5291,5135,4934,4894,4438,4542,4408,4351,4235,3831,3755,3819,3783,3927,3901,3845,3882,3685,3753,3720,3765,3744,3692,3717,3554,3500,3397,3264,3049,3054,2859,2728,2624,2506,2420,2360,2298,2212,2164,2176,2205,2209,2196,2031,2011,2142,2174,2191,2146,2084,2037,2069,2120,2119,2089,2109,2204,2277,2253,2223,2273,2357,2540,2669,2682,2701,2654,2654,2801,2989,3061,3195,3397,3397,3446,3500,3440,3443,3632,3850,3910,4119,4109,3988,4003,4003,3930,3850,3814,3797,3873,3822,3894,3777,3850,3670,3607,3647,3551,3527,3522,3535,3457,3351,3318,3483,3441,3448,3512,3674,3724,3749,3955,4121,4035,4025,3997,3928,4129,4190,4272,4405,4355,4289,4355,4396,4424,4452,4726,4992,5197,5413,5308,5361,5358,5321,5488,5728,5936,6074,6145,6264,6590,6606,6724,6871,6972,7118,7328,7982,8291,8319,8261,8499,8903,9243,9737,9931,10261,10558,10652,10912,11226,11366,11328,11415,11660,11833,12078,12722,12931,13398,13598,13803,14651,15580,16727,18183,19180,20172,21052,22357,23397,24403,25277,26102,26495,28981,29745,30729,31268,30968,30634,30092,30370,29949,30134
US Nevada,3080156,284332,29901,970.7625198204,0.2065257182,,,0,0,0,0,0,0,0,0,0,0,0,0,0,0,0,0,0,0,0,0,0,0,0,0,0,0,0,0,0,0,0,0,0,0,0,0,0,0,0,0,0,0,0,1,3,4,4.5,5,7,9,12,22,34,44,62,72,76,98,106,119,147,182,265,308,403,513,587,693,933,1040,1201,1357,1405,1618,1682,1763,1809,1997,2036,2049,2079,2098,1975,1975,1932,1863,2010,1884,1892,1877,1850,1763,1752,1814,1839,1766,1719,1717,1687,1677,1703,1685,1695,1661,1657,1582,1558,1486,1489,1496,1462,1506,1496,1501,1387,1398,1434,1415,1452,1503,1489,1517,1668,1672,1727,1686,1719,1709,1736,1786,1736,1782,1784,1765,1835,1865,1764,1879,1907,2033,2051,2191,2326,2451,2580,2591,2828,2911,2986,3220,3471,3556,3749,3967,4428,5080,5184,5393,5987,6615,6798,7259,7657,8232,8644,9213,9374,9788,9709,9425,10048,10499,10523,10621,11163,11367,12182,12577,12902,13347,13804,13743,14356,15015,14977,14978,15151,15316,15317,15338,14909,14793,14597,14440,14486,14651,14171,13638,13648,13603,13396,13141,12584,12242,11826,11661,11534,11100,10768,10460,10200,10027,9900,9650,9371,9038,8893,8618,8570,8103,7853,7603,7261,6994,6844,6639,6279,6033,6009,5957,5691,5592,5326,4954,4759,4629,4586,4407,4376,4372,4384,4317,4194,4069,4194,4549,4651,4947,5135,5191,5377,5555,5732,5815,6086,6289,6296,6401,6618,6540,6630,6840,7044,7051,7157,7240,7334,7559,7503,7944,8161,8406,8583,8717,9026,9073,9413,9924,9830,10073,10165,10585,11101,11111,11218,11271,11526,12029,12507,13256,13934,14319,14804,15396,15932,16326,16951,18243,18704,19983,20769,21366,22515,22792,22987,23866,25245,26776,28828,29901
US New Hampshire,1359711,23187,5306,390.2299826949,0.2825948019,,,0,0,0,0,0,0,0,0,0,0,0,0,0,0,0,0,0,0,0,0,0,0,0,0,0,0,0,0,0,0,0,0,0,0,0,0,0,0,0,0,0,0,2,2,2,2,4,4.5,5,5.5,6,6.5,7,13,15,17,24,37,42,53,61,73.5,96,102.5,131,151.5,180,201,299,347.5,389,408,435,485,556,591,614,680,666.5,661,698,715,671,655.5,724,766,808,774.5,721,723,776,751.5,784.5,851,835,858,879,918,871,841,859,995.5,1087,1196,1121,1096.5,1152,1173,1227,1224,1296,1261.5,1229,1245,1318,1200,1127,1008,1040,1085,1128,1092,1142,1108,989,997.5,992,987,922,982,989,1055,1033,1028,927,941,930,912,894,882,901,892,823,759,754,694,669.5,615,641,574,467,487,501,479,439,420,462,443,418,415,416.5,418,366,372,371,359,353,356,361,354,302,297,307,294,297,309,311,343,327,326,329,335,330,343,345,424,412,414,432,415.5,400,379,429,420.5,408,411,431,424,424,403,395,372,361,380.5,408,406.5,367,364.5,370,357,343,331,329,274,276,294,289,272,273,265.5,266,266,271,280,286,297,297,332,340,342,344,374.5,379,404,406,442,439,451,458,467,493,496,500,476,496,473.5,471,462.5,469,476,494,485,486,503,673,677,698,728,741,793,834,902.5,971,945.5,935,1046,1083,1109,980,1028,1049,1066,1097,1117,1116,1127,1146,1210.5,1254,1252,1292,1342,1370,1459,1520,1574,1620,1646,1814,1900,2003,2160,2302,2388,2507,2702,3045,3227,3457,3709,3855,4186,4469,4785,5040,5110,5343,5463,5628,5306
US New Jersey,8882190,19047,55392,623.629983146,0.1718231393,,,0,0,0,0,0,0,0,0,0,0,0,0,0,0,0,0,0,0,0,0,0,0,0,0,0,0,0,0,0,0,0,0,0,0,0,0,0,0,0,0,0,0,0,1,1,4,6,11,15,23,29,49,73,96,176,263,420,729,874,1305,1885,2804,3615,4321,6768,8685,10933,13169,16370,18332,21780,24848,29005,32797,35591,38246,40741,43035,44151,45763,47027,48464,47948,50128,48775,49727,48572,47296,47796,47716,47971,48428,48962,47608,47372,47188,46604,45032,45234,43335,42723,42297,41443,39463,38206,36025,33646,33258,31562,29494,28757,26887,25296,24052,22715,21372,19590,19770,18420,18509,17837,17265,16019,15622,15147,15021,15068,15111,14939,14519,14111,12879,12532,11669,11058,10617,10789,10010,9405,9032,8718,8001,7320,6997,6436,6185,5881,5635,5577,5160,4941,4978,4918,4938,4546,4380,4420,4268,4301,4169,4241,4225,4249,4246,4199,4260,4196,4144,4147,4044,4044,4086,4116,4250,4248,4350,4145,3809,3781,3381,3352,3378,3606,3647,3717,3899,4065,4290,4380,4488,4469,5109,5215,5567,5651,5714,5682,5814,5716,5571,5410,5219,5180,5172,5624,5504,5413,5105,5153,5128,5100,4826,4756,4807,4721,4688,4546,4368,4019,3807,3878,4156,4193,4192,4168,4446,4605,4511,4564,4671,4646,4684,4801,4917,5017,5023,5008,5114,5197,5388,5426,5562,5704,5764,5913,5998,6138,6212,6513,6914,7139,7159,7483,7528,7781,8267,8440,8559,8762,8862,9596,9913,10027,10080,9990,10522,10748,11105,11175,11162,11811,12492,12851,13373,13237,13417,14462,14840,15587,16246,16974,17553,18719,19148,19616,19792,20632,22034,22834,23950,25243,26127,26969,29099,30498,32439,33860,36850,39645,40496,42694,44305,46525,47990,49457,51412,52935,53433,54410,55392
US New Mexico,2096829,314161,29020,1383.9945937413,0.3231769789,,,0,0,0,0,0,0,0,0,0,0,0,0,0,0,0,0,0,0,0,0,0,0,0,0,0,0,0,0,0,0,0,0,0,0,0,0,0,0,0,0,0,0,0,0,0,0,0,0,3,5,10,11.5,13,17,23,28,35,43,57,61,65,83,97,107,126,179.5,224,242,258,287,328,360,438,482,559,603,694,753,955,941.5,937,986,1064,1092,1121,1194,1216,1255,1221,1285,1278,1345,1288,1388.5,1486,1481,1478,1567,1729,1814,1802,1934,2005,2060,2066,2081,2114,2152,2118,2137,2246,2238,2151,2092,2149,2115,2088,2065,2054,2026,1979,1952,2017,2080,1957,1918,1888,1861,1831,1777,1751,1704,1832,1823,1881,2047,2005,1997,2036,1975,1998,2003,2033,1997,2034,2045,1909,1925,1800,1588,1630,1625,1632,1733,1740,1825,1882,1998,2086,2137,2214,2211,2367,2516,2633,2691,2813,2889,3027,3059,3141,3154,3219,3309,3367,3565,3618,3680,3673,3715,3708,3790,3811,3912,3926,4015,4014,4211,4277,4295,4250,4144,4060,4045,3915,3823,3738,3610,3490,3327,3273,2942,2852,2680,2599,2560,2506,2392,2370,2239,2183,2178,2130,2187,2081,2025,1892,1916,1933,1882,1876,1875,1852,1881,1863,1861,1807,1746,1711,1675,1646,1536,1509,1521,1483,1478,1490,1463,1429,1387,1448,1464,1472,1539,1609,1719,1795,1924,2031,2083,2143,2234,2394,2462,2650,2784,2898,2949,3157,3385,3532,3754,4030,4139,4377,4556,4855,5297,5770,6047,6311,6670,6949,7343,7621,7927,8318,8880,9224,9456,9536,9946,10139,10147,10444,10802,11344,11536,11733,12226,12631,13018,13703,14378,15208,15872,16097,16681,16969,17350,18319,20200,23006,24704,25769,27015,27859,28700,29068,29020
US New York,19453561,122057,74437,382.6394560872,0.1200211545,,,0,0,0,0,0,0,0,0,0,0,0,0,0,0,0,0,0,0,0,0,0,0,0,0,0,0,0,0,0,0,0,0,0,0,0,0,0,0,0,0,0,1,1,3,25,36,60,88,151,195,251,353,517,645,935,1367,2371,4140,7067,10312,15054,20761,25455,30525,36873,44118,51590,58548,65279,74245,81329,88229,95761,103348,106863,109814,113198,118506,122679,125875,128140,129181,128534,126413,130067,129903,126779,123028,120755,116823,112827,107900,103523,101078,101685,99351,96965,92898,85912,82088,78672,76245,73629,71441,69502,66762,64009,58817,50979,47350,45059,43379,40970,38679,37499,35255,33706,32418,31653,30392,28989,27747,26804,26120,25709,25351,24304,23682,22471,21428,20649,20340,20195,19715,18675,18054,17390,16582,16035,15646,15191,14159,13430,12970,12554,12233,11535,11057,10627,10348,9956,9839,9689,9603,9510,9523,9506,9293,9215,8986,8879,8937,9194,9316,9326,9195,9161,9152,9263,9098,9079,9106,9167,9333,9721,9927,9821,9679,9707,9676,9677,9944,9957,10184,10151,10171,10030,10081,9703,9587,9595,9463,9462,9491,9517,9408,9339,9231,9192,9145,9124,8992,9125,9110,9070,9153,9134,9210,9073,8982,8977,8875,8870,8820,8877,8809,8771,8637,8691,8600,8501,8592,8840,8939,9016,9304,9459,9607,9764,9876,9804,9814,9780,10024,10238,10265,10192,10204,10148,10155,10081,10266,10399,10452,10649,10738,10936,10964,11120,11261,11512,11935,12283,12769,13577,14322,14682,15042,15681,16376,17257,17941,18383,18660,18855,19059,19291,19369,19478,19531,19699,19764,19572,20238,20030,20075,20689,21178,21340,21938,22737,23776,24324,24589,25454,26089,27209,27309,28678,30250,31776,33572,35525,37499,40288,42586,45732,49071,50465,52322,55089,58257,60570,62829,65214,67178,69940,70856,72301,74437
US North Carolina,10488084,125920,43052,410.4848893277,0.1242460448,,,0,0,0,0,0,0,0,0,0,0,0,0,0,0,0,0,0,0,0,0,0,0,0,0,0,0,0,0,0,0,0,0,0,0,0,0,0,0,0,0,0,0,1,1,2,2,2,2,7,9.5,12,15,23,32,33,40,62,96,135,182,253,295,391,494.5,624,748,912,1008,1274,1458,1521,1760,1956,2218,2330,2573,2823,2922,3015,3145,3377,3480,3509,3526,3539,3608,3766,3738,3908,3894,3730,3794,3957,4144,4311,4310,4326,4544,4825,5044,5064,5369,5171,5084,5305,5538,5789,5816,5737,5934,5903,5778,5868,5998,6206,6473,6848,7175,7444,7364,7463,7750,8365,8458,8919,8794,8812,8905,9359,9691,10077,10240,10189,10655,11106,11637,11900,12324,12520,13020,13543,14069,14761,15003,15530,15839,15964,16078,16222,16585,16764,17255,17121,17293,18003,17702,17569,17861,18023,18382,18817,19658,19954,20401,20265,20182,20924,21422,21136,22166,22513,23256,23559,24044,24814,24753,25284,25236,26304,26795,26517,26986,27691,27544,27664,27299,27012,26810,26603,26584,26768,26671,25920,25441,25486,25300,24287,24374,23817,23674,23505,22506,21808,21211,20630,20022,19828,19733,18984,18618,18644,18637,19100,18875,18895,19552,19846,19924,20252,20321,21370,21175,21797,22645,22621,22305,22342,22174,21788,21523,20894,20547,19678,19795,18664,18809,18468,17463,17471,17367,16765,16433,16680,16462,16914,16969,17435,22045,22350,22444,22467,22250,22608,23333,23665,24638,23915,25373,25709,26468,27208,23100,23662,24091,24499,25344,25775,26030,26939,26839,28532,27418,27492,27623,27595,28277,28540,28628,28995,29402,29729,30082,30207,30910,30664,30856,31627,32210,32669,32861,32953,33240,33118,33559,34425,34433,33403,34483,35543,36179,37118,38060,39497,40277,41016,43436,44334,44852,45945,43052
US North Dakota,762062,178711,17269,2266.0885859681,0.2259098401,,,0,0,0,0,0,0,0,0,0,0,0,0,0,0,0,0,0,0,0,0,0,0,0,0,0,0,0,0,0,0,0,0,0,0,0,0,0,0,0,0,0,0,0,0,0,0,0,0,0,0,1,1,1,1,1,1,6,15,20,28,29,30,33,39,51,60,79,96,105,114,133,144,153,158,178,195,204,212,217,217,213,211,224,224,225,233,265,342,377,401,407,426,440,469,510,559,611,650,669,675,669,625,607,599,622,645,662,677,661,623,574,577,609,642,653,694,707,704,723,748,794,811,820,848,862,853,796,770,759,706,678,694,656,608,539,509,531,521,500,479,502,499,495,503,502,477,478,484,487,479,433,426,432,417,418,412,404,399,412,436,451,451,465,496,528,527,535,579,611,678,734,785,841,897,913,946,1006,1065,1124,1201,1275,1306,1392,1418,1456,1489,1538,1548,1645,1662,1632,1677,1693,1636,1656,1723,1686,1683,1710,1769,1720,1725,1745,1743,1870,1855,1846,1933,1865,1850,1916,2068,2150,2226,2274,2283,2346,2493,2626,2786,3036,3114,3169,3229,3307,3392,3503,3603,3763,3808,3649,3653,3653,3582,3676,3881,4021,4060,4063,4094,4259,4280,4332,4447,4636,4871,5008,5201,5229,5147,5152,5337,5513,5495,5464,5527,5592,5618,5856,5876,5933,6155,6248,6541,6754,6844,7101,7435,7823,8127,8428,8775,9302,9308,9668,9899,10246,10454,10504,10885,10960,11477,11966,12655,13065,13378,13521,14136,14785,15663,16330,16586,17217,17212,17466,18043,18119,18956,18753,18870,18780,18929,18775,18414,18336,18378,17939,18059,18105,17269
US Ohio,11689100,105829,108286,926.3844094071,0.2829209156,,,0,0,0,0,0,0,0,0,0,0,0,0,0,0,0,0,0,0,0,0,0,0,0,0,0,0,0,0,0,0,0,0,0,0,0,0,0,0,0,0,0,0,0,0,0,0,0,3,3,4,5,13,24.5,36,50,67,88,119,168,244,348,436,556,694,852,1118,1381,1617,1883,2132,2459,2783,3143,3492,3692,4008,4218,4444,4645,4741,4844,4951,5042,5081,5244,5512,5795,6483,7559,8469,8943,8969,9182,9291,9337,9359,9350,9489,9512,9613,9636,9113,8312,7555,7244,7459,7437,7847,8110,8118,8452,8481,8418,8330,8211,8139,8009,7980,7983,7860,8036,7778,7711,7830,7700,7756,7718,7558,7612,7560,7590,7530,7398,7356,7115,6964,6703,6565,6360,6156,6136,6089,5858,5814,5635,5592,5660,5630,5840,5973,6151,6332,6700,6965,7184,7647,8214,8607,9161,9470,9779,10443,11044,11526,11921,12343,12419,12777,13422,13680,14218,14759,15283,15807,16206,16446,16435,17023,17639,17781,18212,18311,18561,18855,18890,18970,18481,18324,18502,18582,19025,18879,18265,18099,17795,17891,17563,17285,16929,16785,16775,16554,16329,16355,15800,15398,15587,15256,15099,14817,14576,14532,14371,14196,13954,13920,13669,13336,13402,13567,13666,13975,14095,14687,14886,15109,15398,15620,15756,15685,15497,15381,15258,15202,15228,15143,15327,14875,14751,14473,14152,13762,13751,13829,13858,13788,13658,13568,13441,13404,13318,13422,13469,13729,14213,14419,14598,14799,15449,15970,16518,17208,17449,17940,18377,18719,19678,20529,21182,22259,22880,23660,24340,25282,26168,26846,28348,29366,30052,31114,31682,33094,34791,35472,37213,38285,40499,42204,44740,47230,49921,52153,54743,58742,62009,65520,69746,74546,79096,83455,86305,88619,91445,95245,97559,101151,108330,110426,115387,108286
US Oklahoma,3956971,177660,39651,1002.0543491474,0.2150947695,,,0,0,0,0,0,0,0,0,0,0,0,0,0,0,0,0,0,0,0,0,0,0,0,0,0,0,0,0,0,0,0,0,0,0,0,0,0,0,0,0,0,0,0,0,0,1,1,1,2,2,3,3,4,9,10,17,29,43,48,52,65,79,103,159,241,314,362,413,464,542,689,835,939,1106,1185,1246,1366,1360,1436,1472,1491,1541,1588,1619,1544,1478,1477,1411,1347,1353,1335,1370,1333,1327,1325,1283,1211,1226,1210,1261,1283,1281,1373,1364,1320,1307,1313,1303,1297,1336,1333,1322,1379,1344,1338,1386,1338,1354,1362,1331,1350,1425,1470,1448,1477,1405,1377,1308,1252,1181,1196,1175,1203,1273,1227,1106,1043,1113,1115,1226,1251,1356,1510,1655,1725,1844,1953,2099,2447,2751,3034,3365,3528,3665,4030,4322,4495,4569,4713,4755,5112,5208,5185,5359,5608,5413,5629,6192,6383,6548,6749,7137,7291,7573,7981,8701,8902,9075,9411,9337,9071,9106,9408,9473,10024,10302,11050,11941,12037,11810,12299,12347,12675,12960,13169,13137,13263,13432,13139,12999,12281,11277,10953,10775,10363,10410,10067,10117,10109,9863,9359,9268,9491,9519,9599,9559,9444,9440,9447,9363,9555,9678,10022,10073,10195,10358,10294,10588,10442,10698,10881,11091,11150,11382,11306,11334,11490,11915,12166,12291,12527,12617,13200,13688,14019,14232,14544,14878,14851,14998,14971,14905,14915,15051,14992,14944,14510,14074,14274,14191,14320,14568,15111,15035,14990,15274,15416,15467,15749,15755,15982,16091,16202,16503,16919,16768,17064,17349,17215,16916,16537,16357,16187,16259,16812,17122,16978,16917,17390,17895,18319.5,19522,21056,21748,23182,24498,25863,27443,30017,31662,31882,33653,34467,35510,36919.5,38072,39419,40453,42008,39651
US Oregon,4217737,248608,16127,382.3614416925,0.2303659686,,,0,0,0,0,0,0,0,0,0,0,0,0,0,0,0,0,0,0,0,0,0,0,0,0,0,0,0,0,0,0,0,0,0,0,0,0,0,0,0,0,0,0,3,3,3,7,14,14.5,15,19,24.5,30,33,36,39,47,72,85,111,130.5,147,176.5,194,249,302.5,384,446,512,567,643,661,738,785,861.5,907,941,972,971,994,932,892,979,978,943,927,910,886,845,842,824,821,820,806,831,882,784,770,767,783,774,794,791,770,803,837,857,862,891,907,917,932,951,970,969,962,977,943,928,887,885,828,796,728,699,663,616,622,607,590,573,620,615,609,598,657,706,774,881,973,1021,1022,1151,1246,1350,1393,1518,1763,1819,1892,2002,2088,2129,2161,2286,2384,2331,2441,2559,2705,2665,2558,2713,2928,3064,3180,3293,3312,3331,3373,3620,3636,3757,3829,3953,4149,4150,4215,4166,4219,4349,4452,4534,4576,4525,4650,4641,4588,4650,4611,4640,4622,4690,4668,4518,4519,4560,4586,4512,4532,4518,4514,4400,4358,4301,4169,4121,4201,4165,4085,3977,3891,3940,3785,3700,3665,3667,3617,3549,3461,3441,3275,3292,3262,3270,3205,3171,3180,3146,3107,3035,2964,2900,2893,2811,2863,2783,2771,2716,2775,2760,2741,2743,2757,2805,2958,3032,3211,3449,3425,3483,3510,3629,3659,3766,3821,3912,3969,4054,4027,4131,4251,4212,4354,4442,4473,4489,4651,4663,4772,4805,4762,4745,4796,4809,4694,4822,4804,4839,4969,5028,5068,5268,5454,5605,5897,6184,6324,6606,7029,7260,7848,8347,8719,9101,9542,10086,10548,11097,11451,11668,12110,12620,13034,13567,14081,14722,15178,15424,15733,16127
US Pennsylvania,12801989,115883,87398,682.6907912513,0.2599166107,,,0,0,0,0,0,0,0,0,0,0,0,0,0,0,0,0,0,0,0,0,0,0,0,0,0,0,0,0,0,0,0,0,0,0,0,0,0,0,0,0,0,0,0,0,2,4,6,10,12,16,22,41,47,63,76,96,132,184,266,367,473,634,839,1111,1665,2177,2704,3331,4011,4747,5672,6831,8152,9646,11031,12336,13708,15112,16541,17761,18904,19439,20112,20502,20685,20719,21021,21052,20774,20252,19969,19445,18825,18673,18394,18332,17851,17919,17876,18028,17530,17236,16983,16860,16429,16161,15862,15586,15267,15446,15104,14727,14332,13873,13651,13306,12967,12964,12709,12684,12477,12020,11667,11102,11032,10646,10719,10406,10717,10420,10312,9842,9844,9493,9168,8747,8723,8499,8377,8419,8049,7891,6660,6431,6252,6223,5973,5796,5676,5757,5560,5518,5623,5640,5725,5837,6371,6471,6698,6867,7123,7424,7838,7979,8109,8124,8118,8603,8957,9097,9506,9756,9770,9754,10065,10423,10372,10737,10866,11173,11434,11466,11248,11491,11695,11936,12159,12522,12713,12553,12632,12570,12695,12563,12417,12244,12318,12163,11708,11467,11427,11189,10897,10912,11043,10902,10864,10870,10689,10570,10435,10419,10354,10337,10196,10021,9754,9406,9035,9041,9034,9044,9181,9216,9462,9831,10029,10196,10268,10389,10324,10754,10721,10894,10971,10377,11038,11419,11379,11152,11021,11220,11262,10949,11287,11254,11520,11318,11427,12269,11763,11600,11977,12200,12601,12564.5,12957,13395,13597,14008,14531,15105,15818,16066,16478,16832,16955,17397,17802,18533.5,18677,19108,19629,19745,20432,21271,21572,22072,22391,23800,24752,25356,26431,27084,27724,28681,29999,31369,32206,33371,35363,36606,38601,40211,42694,45980,48870,51911,55201,57617,60642,64186,68412,71836,74579,78745,80105,82413,84461,87398
US Puerto Rico,3193694,8868,8774,274.7288876142,0.1782391419,,,0,0,0,0,0,0,0,0,0,0,0,0,0,0,0,0,0,0,0,0,0,0,0,0,0,0,0,0,0,0,0,0,0,0,0,0,0,0,0,0,0,0,0,0,0,0,0,0,0,0,0,0,0,0,5,7.25,9.5,11.75,14,21,22,29,37,49,62,76,97,122,168,231,275,304,363,431,452,482,534,569,619,646,688,770,729,684,688,727,690,666,738,739,725,295,210,146,90,-6,-8,-25,-70,-88,-104,-145,-225,-251,-293,91,120,158,156,149,159,164,160,118,124,141,159,194,202,200,200,192,836,190,186,179,196,207,205,186,157,109.5,98,107,109,109,-510,134,133,145,142,123,150,160,167,172.5,174,173,174,169,171,169,167,164,175,176,140,142,153,161,214,243,271,292,286,313,531,597,594,656,768,833,959,1173,1211,1314,1352,1481,1644,1945,1940,2108,2159,2339,2443,2607,2653,2605,2681,2657,2801,2725,3082,3044,3102,3158,3354,3250,3436,3531,3698,3903,4020,4469,4359,4733,4526,4416,4610,4958,4768,4752,4784,4709,4543,4603,4387,3841,4190,3996,3917,3978,3753,3213,3490,3493,3087,2961,2792,2770,2796,2779,2779,2631,2612,2540,2501,2622,2310,2565,3012,3564,3800,3619,3611,3650,3908,4511,4566,4928,5380,5595,5748,5542,5392,4997,4965,5086,5236,5219,4854,4458,4394,4079,3647,3338,3629,3771,3669,3489,3677,3741,3950,4059,3794,4630,4514,4961,5194,5322,4898,5332,5679,5845,5830,6267,6165,6090,6297,5948,6495,6363,6383,6395,6593,7173,7266,7634,7938,7611,7835,8103,8330,8431,8867,9359,9619,9692,9605,8774
US Rhode Island,1059361,2678,11553,1090.5630847275,0.2208268823,,,0,0,0,0,0,0,0,0,0,0,0,0,0,0,0,0,0,0,0,0,0,0,0,0,0,0,0,0,0,0,0,0,0,0,0,0,0,0,0,2,2,2,2,3,3,3,3,4,5,9,13,19,19.5,18,20,31,42,58,71,85,110,125,143,167,204,229,292.5,397,473,535,624,669,757,880,1037,1227,1469,1714,1952,2325,2541,2725,2834,3028,3235,3565,3754,3900,4057,4229,4355,4464,4604,4615,4640,4627,4643,4700,4765,4721,4748,4654,4496,4409,4325,4285,4137,3953,3934,3844,3816,3711,3535,3415,3330,3393,3337,3183,3095,2940,2838,2808,2630,2528,2423,2358,2295,2199,2145,1997,1948,1910,1802,1720,1668,1572,1532,1497,1472,1386,1357,1312,1215,1160,1116,1093,1038,984,938,892,860,838,852,861,808,766,754,741,731,691,679,693,681,644,635,632,628,592,560.5,535,535,557.3333333333,593.6666666667,616,677,664,676,736,746,759,741,782,838.5,905,912,950.6666666667,989.3333333333,1028,1137,1160,1239,1229,1266.6666666667,1304.3333333333,1342,1404,1419,1463,1514,1511,1488,1419,1328,1329,1290,1313,1342.3333333333,1342.6666666667,1326,1302,1314,1260,1284,1343,1357,1368,1319,1325,1349,1348,1418,1389,1377,1310,1283,1272,1221,1309,1256,1270,1220,1222,1193,1222,1142,1195,1181,1248,1280,1345,1377,1314,1361,1360,1452,1501,1529,1276,1285,1300,1294,1306,1390,1426,1456,1447,1489,1487,1552,1599,1734,2113,2296,2352,2407,2404,2416,2524,2615,2733,2893,2928,3053,3347,3549,3824,4003,4107,4193,4485,4780,4874,5183,5430,5626,5773,5894,5999,6156,6262,6592,6886,6985,7353,7832,8452,8655,9355,9554,9803,9985,10789,11201,11621,12231,12401,12564,12626,12541,11553
US South Carolina,5148714,77857,20415,396.5067781974,0.0967971362,,,0,0,0,0,0,0,0,0,0,0,0,0,0,0,0,0,0,0,0,0,0,0,0,0,0,0,0,0,0,0,0,0,0,0,0,0,0,0,0,0,0,0,0,0,0,2,2,7,8,9,10,12,13,19,27,32,59,69.5,80,150,192,291,353,415,446,485.5,526,755,897,1050,1233,1483.5,1654.5,1765,1854,1935,2056,2128,2336,2567.5,2668,2545,2511,2470,2363,2239.5,2195.5,2329,2328,2175,2022,2209,2125,2020,2046,2171,2115.5,2060,2225,2301.5,2327,2243,2249,2283.5,2318,2175,2122,2057,2278,2163,2238.5,2314,2177,2094,2149,2122.5,2190,2250.5,2299,2179.5,2136,2496,2364,2443,2388,2489,2565,2599,2724,2782.5,3045,3206,3359,3535.5,3830,3815,4021,4190,4622,4812,5136,5653,6039,6561,6934,7230,7575,7905,8543,9178,9870,10407,10901,11385,12138,12581,13165,13984,14525,15266,16409,17363,18153,18901,19600,20154,20679,20739,21012,21669,22084,22760,23328,23524,23990,24326,24382,24528,24226,25139,25065,25985,26133,25915,26188,25309,24551,24249,23720,23601,23489,22956,22987,21802,21506,20853,20430,20191,19612,19452,19236,18742,18021,17128,16337,15825,15283,14709,14002,13482,12939,12523,12159,11835,11553,11392,11358,11119,10689,11110,11367,11827,12039,12174,12092,12376,12947,12994,12964,13056,12420,12120,11994,13095,12729,13540,13688,13624,13619,13750,12993,12951,12756,12517,14881,15473,16115,14856,15295,14023,13775,14164,13820,12877,12867,13651,13874,14035,12181,12019,12048,11774,11348,11519,11600,11249,11867,12783,13068,12323,12408,12450,12523,12652,12730,12873,12720,13272,13446,13696,13682,13485,13341,13398,14033,14308,14459,14513,14154,14323,15401,15010,14890,15159,15504,15899,16507,17402,17484,17700,17948,18577,19521,20289,20276,20607,21161,21492,21910,20415
US South Dakota,884659,196350,15426,1743.7227225405,0.2025951512,,,0,0,0,0,0,0,0,0,0,0,0,0,0,0,0,0,0,0,0,0,0,0,0,0,0,0,0,0,0,0,0,0,0,0,0,0,0,0,0,0,0,0,0,0,0,0,0,0,0,5,8,9,9.3333333333,9.6666666667,10,11,11,12,13,16.5,20,27,29,36,38,49,58.6666666667,80.3333333333,91,97,117,152,173,194.5,219,260,290,352,401,478,558,640,767,880,1039,1146,1224,1330,1395,1397,1435,1465,1509,1504,1521,1482,1377,1325,1205,1138,1114,1046,996,983,966,921,949,1104,1246,1305,1369,1350,1359,1343,1362,1371,1356,1359,1364,1398,1345,1212,1075,1046,972,990,978,1001,979,1001,1006,1007,982,985,997,921,899,875,885,870,894,872,876,873,905,894,899,888,862,881,858,859,855,830,815,814,793,793,783,788,798,776,784,820,803,766,779,810,823,857,866,828,818,808,808,826,801,811,834,843,838,856,835,807,799,851,896,920,920,989,991,975,1005,1049,1077,1060,1091,1130,1171,1172,1210,1219,1221,1174,1212,1260,1251,1319,1340,1364,1398,1418,1513,1658,1671,1762,1846,2036,2297,2493,2824,3048,3149,3306,3437,3646,3712,3754,3833,3875,3844,3720,3640,3600,3495,3316,3292,3245,3288,3349,3479,3555,3587,3569,3786,4063,4263,4437,4696,4903,4937,5003,5098,5450,5447,5542,5722,5729,5687,6272,6314,6661,6814,7023,7187,7342,7826,7876,8283,8625,8851,9238,9581,9138,9606,9987,10194,10639,10816,11391,11785,11988,12754,13381,14055,14014,14397,14747,15134,15437,15835,16201,16570,16604,16696,17716,17768,18190,18057,18428,18430,18880,18591,18431,18238,17661,17537,17525,17446,15426
US Tennessee,6829174,106798,55651,814.9008943102,0.1579307331,,,0,0,0,0,0,0,0,0,0,0,0,0,0,0,0,0,0,0,0,0,0,0,0,0,0,0,0,0,0,0,0,0,0,0,0,0,0,0,0,0,0,0,0,1,1,1,3,3,7,12.5,18,26,32,39,52,73,98,153,227,370,502,612,660,771.5,939,1177,1341,1498,1782,2166,2585,2691,2839,2950,3128,3187,3471,3578,3677,3659,3741,3771,3776,3584,3396,3417,3522,3441,3437,3436,3256,3480,3632,3864,4075,4359,4308,4229,4287,4473,5302,5899,6107,6333,6296,6096,5830,5715,5579,5318,5626,6059,6004,5964,5079,4627,4211,4440,4688,4594,4865,4953,5021,5160,5063,4854,4936,4980,5115,5278,5618,5543,5997,6290,6159,6126,6282,6236,6337,6610,6755,6859,7041,6975,7426,7606,7455,7321,7709,8497,8375,8721,8609,8728,9174,9496,10318,10631,10802.5,11137,11679,13172,14061,14695,15694,16329,16602,17211,18751,19557,20102,20834,20725.5,22977,23279,23746,24650,25107,26196,26684,27599,28430,28431,29396,29532,29790,31976,31215,32256,31761,31331,32140,31848,31512,30882,30497,29681,29363,29704,29789,28776,27425,25871,25571,25640,24499,23563,24081,24108,23337,23702,22825,22062,21498,21225,20690,20502,20960,20668,20357,20533,19407,20189,20551,20031,20371,19753,20279,20189,20505,20337,19234,19058,19044,18611,18709,19341,18902,19256,18594,19900,19077,19388,19300,19394,20122,19307,19595,20000,21171,19458,19380,19052,19292,17906,18156,17696,19290,20227,20746,21903,21549,21758,21722,23950,24218,24399,25395,25090,26544,27534,28362,28194,28406,28460,30510,31438,32870,32184,32945,33682,34053,35995,34533,32682,32526,32788,33941,33864,31631,34128,34264,37904,37975,39161,39845,40970,44448,49511,54301,54372,55399,56317,58388,57672,58625,56780,56105,54591,55651
US Texas,28995881,676587,149775,516.5388835745,0.1309661635,,,0,0,0,0,0,0,0,0,0,0,0,0,0,0,0,0,0,0,0,0,0,0,0,0,0,0,0,0,0,0,0,0,0,0,0,0,0,0,0,0,0,0,1,1,5,8,10,12,13,21,23,39,51,56,57,63,81,140,189,296,324,340,397,953,1373,1692,2001,2496,2820,3202,3914,4526,5136,5806,6478,6924,7852,8379,8834,9940,10509,10932,11029,11358,11495,11786,12041,12150,12111,12182,11934,11716,11714,11135,11212,11147,11391,11547,11562,11632,11858,12262,12625,12874,13173,13353,13446,13803,14087,14238,14572,14877,15349,15764,15969,16477,16236,16361,16543,16901,16878,16840,16649,16479,16102,15512,15518,15925,15808,15339,16503,16187,16656,16948,17652,18164,19044,19630,19645,20693,21836,21807,22674,23673,23567,24228,26638,28064,29931,31692,34182,36623,39265,43117,46164,50334,53944,57360,60874,63903,66780,71727,76126,80227,84055,83638,85676,90215,94643,98429,102487,107091,109930,111302,115072,114303,116679,124040,125940,129791,131877,131154,131054,130779,129715,125384,122998,121610,119207,120942,119451,113374,112755,111219.5,109580,109442,108269,106360,104698,105637,104706,104894,106355,103513,101468,99647,98353,99332.5,100936,99051,97369,95074,93056,91656,91175,89567,86110,85317,84162,81175,77692,74772,70019,67101,64411,62788,63249,62176,60773,59986,55061,53654,52072,51588,51059,49080,50476,51413,53105,53472,51412,50753,50224,58017,74416,73808,74110,75196,75849,75698,76298,74538,74195,73682,73763,76942,77360,70916,57228,57957,57875,57278,56622,57346,55383,57131,56115,57307,59674,57553,57885,56370,60122,61253,63306,65742,68011,69897,71949,73952,74912,77012,77773,80033,81076,83584,83216,87591,89894,90967,92478,93859,95944,99863,105386,107021,111532,113564,115866,118632,122740,121983,125889,130159,134975,138041,137960,141141,145600,149775
US Utah,3205958,212818,40263,1255.8804575731,0.2189372601,,,0,0,0,0,0,0,0,0,0,0,0,0,0,0,0,0,0,0,0,0,0,0,0,0,0,0,0,0,0,0,0,0,0,0,0,0,0,0,0,0,0,0,0,0,0,1,1,1,2,2,4,6,17,28,39,51,63,78,112,135,180,256,297,344,398,474,585,691,767,836,949,996,1134,1292,1424,1418,1439,1500,1574,1622,1604,1584,1557,1525,1530,1609,1559,1503,1464,1538,1558,1599,1636,1680,1742,1820,1870,1931,1953,1989,2023,2050,2106,2104,2153,2150,2112,2137,2155,2128,2129,2089,2125,2077,2085,2087,2063,2067,2069,2115,2150,2138,2157,2141,2159,2188,2086,2172,2351,2465,2559,2615,2684,2787,2939,3195,3538,3674,3801,3939,4158,4331,4313,4448,4516,4609,4735,4847,5026,5173,5270,5396,5584,5741,5920,6122,6473,6647,6787,7056,7280,7372,7431,7441,7474,7490,7563,7733,7971,7982,8173,8227,8384,8366,8261,8175,8575,8706,8790,9165,9057,8979,8823,8743,8739,8768,8489,8379,8377,8303,7851,7624,7370,7058,7003,6895,6750,6816,6413,6128,6154,5981,5897,5896,5728,5780,5619,5477,5365,5250,5193,5067,5070,5063,4988,4974,5015,5084,5133,4972,5085,5202,5213,5246,5301,5344,5394,5458,5545,5669,5592,5499,5462,5727,5841,6021,6331,6597,6925,7332,7936,8580,9112,9361,9685,10248,11100,11855,12300,12740,13004,13136,13295,13392,13382,13373,13846,14329,14395,14525,14828,14760,15097,15229,15390,15683,15921,16411,16800,17072,16776,16839,17204,17560,17602,18219,18473,19038,19251,19409,19840,20179,20975,21359,22116,22144,22732,23479,24743,25770,27118,27739,28785,30157,30917,32999,32857,36485,37298,38073,39582,40543,41704,43305,43744,44555,44552,44736,44182,40263
US Vermont,623989,23871,1176,188.4648607588,0.3072903057,,,0,0,0,0,0,0,0,0,0,0,0,0,0,0,0,0,0,0,0,0,0,0,0,0,0,0,0,0,0,0,0,0,0,0,0,0,0,0,0,0,0,0,0,0,0,1,1,1,1,2,2,5,8,12,17,19,21,28,42,50,74,92,118,152,176,203,222,244,276,301,338,362,416,460,467,478,483,471,495,500,499,498,468,450,420,402,342,301,274,245,220,200,154,130,119,101,101,94,87,87,83,83,84,86,81,83,82,75,74,71.5,65,65,64,52,47,44,41,38,37,34,34,34,28,29.5,35,38,41,43,43,37,39,39,42,42,76,75,92,107,113,117,124,136,144,148,146,145,143,140,109,117,101,96,88,80,89,81,79,75,75,80,78,80,92,92,91,90,88,90,72,81,79,83,94,93,96,108,98,98,100,101,109,112,115.5,105,108,113,104,101,100,88,82,80,83,76,67,65,64.5,68,63,58,59,60,67,72,77,87,88,89,100,99,97,92,93,99,98,104,100,99,102,88,96,101,97,105,104,102.5,101,94,91,85,82,79,75,79,72,68,72,67,66.5,65.5,64,63,67,68,67,66,63,63,62,58,49,47,48.5,50,62,68,70,98,100,105,114,115,118,126,131,137,137,148,147,148,152,129,135,144,149,170,186,205,207,227,231,238,240,253,259,273,281,296,316,310,304,319,332,349,415,510,588,664,693,789,867,894,1007,1133,1199,1237,1299,1300,1292,1176
US Virgin Islands,104425,350,0,0,0,,,0,0,0,0,0,0,0,0,0,0,0,0,0,0,0,0,0,0,0,0,0,0,0,0,0,0,0,0,0,0,0,0,0,0,0,0,0,0,0,0,0,0,0,0,0,0,0,0,0,0,0,0,0,0,0,0,0,0,0,0,0,0,0,0,0,0,2,2,2,3,3,3,3,3,3,3,3,3,3,3,1,1,1,0,0,0,1,1.3333333333,1.6666666667,2,2.2,2.4,2.6,2.8,3,3.0909090909,3.1818181818,3.2727272727,3.3636363636,3.4545454545,2.5454545455,2.3030303031,2.0606060606,1.8181818182,1.7090909091,1.6,1.5111111111,1.4222222222,1.3333333333,1.3535353535,1.3737373738,1.393939394,1.4141414142,1.4343434344,1.4545454545,1.3758314856,1.2971175166,1.2184035477,1.1396895787,1.0609756098,0.9620596206,0.8631436315,0.7642276423,0.6653116532,0.5663956639,0.4674796748,0.3685636856,0.2696476965,0.1707317073,0.1707317073,0.1707317073,0.1707317073,0.1707317073,0.1707317073,0.1707317073,0.1707317073,0.1707317073,0.1707317073,0.1707317073,0.1707317073,0.1707317073,0.1707317073,0.1707317073,0.1707317073,0.1707317073,0.1707317073,0.1707317073,0.1707317073,0.1707317073,0.1707317073,0.1707317073,0.1707317073,0.1707317073,0.1707317073,0.1707317073,0.1707317073,0.1707317074,0.1707317073,0.1707317074,0.1707317073,0.1707317074,0.1707317073,0.1707317074,0.1707317073,0.1707317074,0.1707317073,0.1707317074,0.1707317073,0.1707317074,0.1707317073,0.1707317073,0.1707317073,0.1707317073,0.1707317073,0.1707317073,0.1707317073,0.1707317073,0.1707317073,0.1707317073,0.1707317073,0.1707317073,0.1707317073,0.1707317073,0.1707317073,0.1707317073,0.1707317073,0.1707317073,0.1707317073,0.1707317073,0.1707317073,0.1707317073,0.1707317073,0.1707317073,0.1707317073,0.1707317073,0.1707317073,0.1707317073,0.3123827392,0.4540337711,0.595684803,0.7373358349,0.8789868668,1.0206378987,1.1622889306,1.3039399625,1.4455909944,1.5872420263,1.7288930582,1.8705440901,2.012195122,5.3333333333,8.5128205129,11.6923076923,12.7884615385,13.8846153846,14.9807692308,16.0769230769,18.9230769231,21.7692307692,24.6153846154,30.4615384615,36.3076923077,39.3538461538,42.4,42.2666666667,42.1333333333,42,41.125,40.25,39.375,38.5,35.875,33.25,30.625,25,19.6,17,14.4,11.8,9.2,6.2857142857,6.1964285714,6.1071428571,6.0178571429,5.9285714286,5.8392857143,5.75,5.375,5,4.4,3.8,3.2,2.6,2,1.7142857143,1.4285714286,1.1428571429,0.8571428571,0.5714285714,0.2857142857,0,0,0,0,0,0,0,0,0,0,0,0,0,0,0,0,0,0,0,0,0,0,0,0,0,0,0,0,0,0,0,0,0,0,0,0,0,0,0,0,0,0,0,0,0,0,0,0,0,0
US Virgin Islands,104425,350,99,94.804883888,0.0650887574,,,0,0,0,0,0,0,0,0,0,0,0,0,0,0,0,0,0,0,0,0,0,0,0,0,0,0,0,0,0,0,0,0,0,0,0,0,0,0,0,0,0,0,0,0,0,0,0,0,0,0,0,0,0,0,1,2,2,3,3,6,11.5,17,17.5,18,18.5,19,22,23,29,29,30,30,35,34,30.5,26,26.5,27,27.5,31,29,28.2857142857,21.5714285714,20.8571428571,20.1428571429,19.4285714286,14.7142857143,13,11.3333333333,10.6666666667,10,9.25,8.5,4.75,4,5.7142857143,7.4285714286,8.6428571429,9.8571428571,13.5714285714,13.5357142857,13.5,13.4166666667,13.3333333333,13.25,13.25,13.25,13.25,13.5,12,10.0454545455,8.5909090909,7.1363636364,3.1818181818,2.9772727273,2.7727272727,2.5681818182,2.3636363636,2.1590909091,1.9545454545,1.75,1.5454545455,1.0909090909,0.6363636364,0.6363636363,0.6363636364,0.6363636363,0.6363636364,0.6363636363,0.6363636364,0.6363636363,0.6363636364,0.9242424242,1.2121212122,1.5,1.6212121212,1.7424242424,1.8636363636,1.9848484849,2.106060606,2.2272727273,2.3818181818,2.5363636364,2.6909090909,2.8454545455,3,2.9166666667,2.8333333333,2.75,2.8333333333,3.6666666667,4.5,5,5.5,6,7.8,8.6,9.15,9.7,10.25,10.75,16.5,18.25,24,36,35.5,35.3333333333,38.6666666667,44,64,72,85.25,98.5,122.75,140.5,153,157,165,172,185.5,192,192,198,192,191,185,180,158,150.5,142,146.5,143,138,133,135,155,161,165,178,176,186,197.5,201,254,286.5,298,313,311,321,333,347,368,410,432,425,422.5,422,391,370,371,384,388,374,343,315,275,218,207,209,206,193,164,145,126,93,91,87,86,89,94,92,88.5,88,82.5,85,84,93,95,95.5,97,96.5,93,88.5,85,84,71,58,49.5,45.5,43,32,28,18,8,8.5,9,7.5,4,3,5.5,8,13.6666666667,14.8333333333,16,21,22,22.1666666667,22.3333333333,22,24,25,30.5,33,44,42,42.3333333333,48.6666666667,51,46,44,50.8333333333,57.6666666667,59.5,59,63,64.5,66,58,62.3333333333,66.6666666667,65,75,80,92,93.5,99,98,97,105,99
US Virginia,8535519,102279,30873,361.7003254284,0.1348754915,,,0,0,0,0,0,0,0,0,0,0,0,0,0,0,0,0,0,0,0,0,0,0,0,0,0,0,0,0,0,0,0,0,0,0,0,0,0,0,0,0,0,0,0,0,0,0,2,3,8,9,17,30,37.5,44,50,66,76,92,112,150,216,248,282,382,443,574,701.5,845,969,1183,1407,1612,1898,2255,2418,2624,3043,3254,3582,3905,4338,4384,4727,4921,5016,5183,5479,5646,5900,6112,6297,6621,6956,7085,7289,7696,7788,8168,8461,8957,9410,9678,10134,10502,10626,10647,10572,10748,10830,11111,11535,11461,11785,11967,11771,11952,11717,11648,11889,11995,12567,12608,12553,12163,12657,13542,13503,13588,13861,13928,14219,14258,14094,13997,13719,13582,13648,14437,13524,12396,11928,11246,10678,10258,9899,9488,9092,8870,8382,8261,8046,7313,7214,7256,7337,7299,7359,7378,7230,7303,7456,7428,7497,7600,7666,7754,7637,7746,7861,8042,8361,8535,8934,9453,9656,10324,10696,11040,11264,11682,12273,12631,13018,13249,13433,13827,13897,14430,14551,14466,14473,14455,14428,14352,14731,14880,14656,14630,15518,15580,15519,14677,14751,14528,14718,14950,14949,14905,14315,14031,13970,14015,12978,12883,12880,12881,12890,12937,12903,12754,13059,13060,13173,13333,13523,13786,13919,13655,13960,13941,13772,13831,14000,14048,14131,14067,13977,13899,13817,13792,13923,13928,13585,13567,13603,13301,12967,12793,12468,12330,12022,12002,11912,11261,10985,11148,11359,11419,11172,11101,12043,12216,12497,12572,12977,13289,13339,14220,14437,14435,14268,14271,14572,15081,14569,14635,14467,14655,14705,14604,15144,15242,15515,15952,16254,16590,16925,17064,17098,17486,18501,18804,19202,19503,19752,19844,19623,19609,19568,21219,22083,22997,23585,24561,24806,25621,27561,28670,29794,30873
US Washington,7614893,172119,32222.5,423.1510541251,0.2093648071,,,0,0,0,0,0,0,0,0,0,0,0,0,0,0,0,0,0,0,0,0,0,0,0,0,0,0,0,0,0,0,0,0,0,0,0,-2,-2,-4,13,26,54,76,112,159,192,229,286,343,451,582,757,971,1123,1225,1513,1756,2007,2289,2553,2709,2834,3236,3564,3870,4126,4373,4505,4639,4902,5103,5264,5328,5440,5453,5438,5369,5344,5249,5177,5022,4889,4736,4544,4381,4259,4171,4107,4075,4000,3940,3797,3735,3646,3687,3698,3722,3720,3713,3713,3652,3618,3555,3543,3595,3583,3589,3580,3483,3445,3394,3321,3276,3256,3279,3225,3231,3211,3144,3184,3163,3194,3254,3275,3314,3167,3315,3358,3387,3469,3499,3535,3626,3743,3858,3892,3972,3985,3994,4355,4365,4382,4482,4525,4570,4606,4713,4792,4870,5077,5201,5353,5432,5641,5849,6156,6416,6648,6944,7072,7539,7947,8364,8696,8622,8539,8643,8893,9324,9609,9791,10012,10049,10119,10205,10251,10335,10291,10726,11019,11060,11081,11118,11174,11203,11155,11111,11098,11001,10962,10875,10783,10592,10478,10372,10222,9977,9686,9521,9387,9271,9145,8975,8749,8475,8348,8284,8219,8141,7941,7700,7538,7275,7057,6875,6741,5960,5289,4700,4550,4469,4722,5591,5108.5,4668,4409,4404,4442,4737,5177,5554,5929,6304,6306,6308,6175,5506,5660.5,5830,5873,5821,5746,5565.5,5363,5313,5571,5438.5,5235,5227,5750,6004,6131,6173,6230,6324,6514,6909.5,7220,7326,7083,7215.5,7506,7680,7334,7205,7636,8137,8100,7987,8069,8084,8782,8557,8385,8487,8666,8607,8785,9878,9301.5,8725,8885,9234,9372,9679,9300,9884,10693,10861,11606,12025,12896,13098,14124.5,15070,15984,16940.5,17799,18925,20230,21725,22178,24110,23944,24861,25302,25249,27067.5,28967,31008,32222.5
US West Virginia,1792147,62259,13283,741.1780395247,0.3006564056,,,0,0,0,0,0,0,0,0,0,0,0,0,0,0,0,0,0,0,0,0,0,0,0,0,0,0,0,0,0,0,0,0,0,0,0,0,0,0,0,0,0,0,0,0,0,0,0,0,0,0,0,0,0,0,0,0,1,2,7,11,12,16,20,39,51,76,96,113,125,161,190,215,230,271,312,329,392,423,472,478,481,498,500,478,511,522,517,503,539,557,502,477,444,434,443,433,437,439,393,379,382,384,328,304,324,309,320,322,315,316,303,292,303,309,305,288,299,285,271,297,306,306,382,399,408,483,469,479,510,517,520,526,532,526,499,503,414,385,379,315,321,306,282,285,279,281,300,305,326,316,355,399,399,413,441,449,479,502,528,572,564,556,635,691,655,719,890,879,1078,1165,1271,1313,1390,1389,1502,1625,1604,1657,1753,1780,1700,1738,1499,1724,1712,1747,1753,1795,1766,1769,1765,1859,1841,1812,1831,1852,1953,1727,1738,1742,1734,1700,1702,1682,1729,1632,1722,1710,1659,1680,1642,1705,1633,1622,1578,1558,1520,1532,1482,1550,1510,1546,1618,1776,1841,1863,1971,2104,2140,2263,2266,2268,2384,2350,2554,2589,2570,2469,2554,2585,2646,2585,2642,2596,2723,2696,2689,2779,2637,2649,2692,2716,2652,2594,2624,2594,2574,2571,2552,2635,2619,2754,2755,2780,2769,2863,2970,3058,3273,3333,3453,3551,3583,3595,3732,3685,3799,3778,3942,4151,4246,4384,4410,4659,4802,4942,5074,5253,5490,5695,6030,6498,6582,6610,7137,7431,7649,8332,8776,9225,9731,10290,10852,11393,11856,12074,12309,12767,12849,13283
US Wisconsin,5822434,140268,88532,1520.5324783415,0.2223841006,,,0,0,0,0,0,0,0,0,0,0,0,0,0,0,0,0,0,0,0,0,0,0,0,0,0,0,0,0,0,0,0,0,0,0,0,0,0,0,0,0,0,0,1,1,1,1,1,1,2,3,9,23,30,37,56,83,120,173,232,311,421,461,520,660,797,946,1104,1239,1366,1502,1700,1866,2028,2161,2218,2400,2539,2612,2637,2696,2688,2688,2658,2661,2632,2596,2576,2537,2533,2487,2445,2487,2568,2699,2893,2999,3081,3145,3207,3416,3711,3907,4051,4185,4387,4496,4610,4666,4687,4731,4759,4740,4789,4817,4794,4958,5030,4904,4796,5007,5171,5310,5441,5559,5651,5736,6064,6208,6499,6504,6307,6294,6463,6392,6401,6259,6094,5959,5863,5867,5557,5364,4952,4707,4776,4810,4689,4468,4397,4314,4389,4403,4444,4441,4571,4664,4873,5138,5367,5487,5818,6096,6219,6518,6881,7125,7352,7590,7769,8105,8431,8853,9170,9349,9687,9972,10330,10637,10892,11208,11445,12071,12173,12459,12628,12635,12803,12899,12715,12791,12940,12866,12959,13042,12726,12335,12527,12316,12301,12498,12155,12075,12059,11666,11543,11747,11489,11256,11314,11253,11024,10918,10723,10513,10370,10263,10183,10438,10382,10187,10183,10054,9853,10180,10048,10019,10713,10737,11148,11309,11371,11498,12178,12757,13325,14379,14929,15334,16258,17652,18690,20094,20939,21660,22650,23632,24518,25704,27176,27799,28720,29726,30683,31549,31794,32445,32636,33067,33403,33971,34767,35302,35371,35837,36114,37095,37959,38999,40279,39863.3333333333,40575.6666666667,41487,44098,45998,46356,47835,49537,50602,51597,53670,54477,55583,56835,60004.6666666667,60919.3333333333,61786,63204,65096,67748,69516,72364,72993,74452,76383,79790,82867,85961,85734,88501,89634,91123,93378,94542,95208,94716,94328,93313,92629,91089,88532
US Wyoming,578759,251470,10282,1776.5598461536,0.3342544131,,,0,0,0,0,0,0,0,0,0,0,0,0,0,0,0,0,0,0,0,0,0,0,0,0,0,0,0,0,0,0,0,0,0,0,0,0,0,0,0,0,0,0,0,0,0,0,0,0,0,0,1,1,2,3,3,10,15,18,19,23,24,26,29,44,52,69,80,83,91,99,115,132,143,164,173,184,187,259,267,270,261,278,279,274,263,251,250,235,229,218,225,144,133,133,148,138,147,153,151,158,154,157,160,168,163,184,182,171,162,160,149,139,144,142,150,162,168,170,172,156,166,159,160,176,174,175,172,175,175,157,149,144,136,128,120,130,126,109,117,120,120,133,136,152,157,169,177,199,223,240,240,250,270,284,302,317,341,342,357,371,398,400,406,409,427,437,445,457,458,448,422,447,445,454,464,471,476,487,502,492,512,527,548,573,615,607,613,616,638,643,660,657,661,682,661,646,635,611,595,567,575,522,484,458,433,457,458,478,483,479,507,510,524,530,529,561,561,598,603,580,557,534,511,503,481,471,465,463,453,464.5,469,467,477,501,513,526,550,572,655,713,758,774,839,876.5,913,1018,1106,1156,1168,1287,1362,1383,1382,1431,1467,1585,1633,1685,1754,1730,1787,1915,1990,1978,2048,2143,2229,2292,2451,2451,2521,2682,2756,2949,3027,3210,3350,3430,3675,3842,3969,4132,4363,4482,4698,4856,5093,5196,5290,5860,5792,6269,6533,7436,7228,7972,8313,8583,8771,9026,9834,10231,10760,10724,10813,10859,11421,10717,11387,10282
