Country/Region,Population,Area,Maximum,"Per 100,000 inh.",% Confirmed,Blank 2,Comments,2020-01-22,2020-01-23,2020-01-24,2020-01-25,2020-01-26,2020-01-27,2020-01-28,2020-01-29,2020-01-30,2020-01-31,2020-02-01,2020-02-02,2020-02-03,2020-02-04,2020-02-05,2020-02-06,2020-02-07,2020-02-08,2020-02-09,2020-02-10,2020-02-11,2020-02-12,2020-02-13,2020-02-14,2020-02-15,2020-02-16,2020-02-17,2020-02-18,2020-02-19,2020-02-20,2020-02-21,2020-02-22,2020-02-23,2020-02-24,2020-02-25,2020-02-26,2020-02-27,2020-02-28,2020-02-29,2020-03-01,2020-03-02,2020-03-03,2020-03-04,2020-03-05,2020-03-06,2020-03-07,2020-03-08,2020-03-09,2020-03-10,2020-03-11,2020-03-12,2020-03-13,2020-03-14,2020-03-15,2020-03-16,2020-03-17,2020-03-18,2020-03-19,2020-03-20,2020-03-21,2020-03-22,2020-03-23,2020-03-24,2020-03-25,2020-03-26,2020-03-27,2020-03-28,2020-03-29,2020-03-30,2020-03-31,2020-04-01,2020-04-02,2020-04-03,2020-04-04,2020-04-05,2020-04-06,2020-04-07,2020-04-08,2020-04-09,2020-04-10,2020-04-11,2020-04-12,2020-04-13,2020-04-14,2020-04-15,2020-04-16,2020-04-17,2020-04-18,2020-04-19,2020-04-20,2020-04-21,2020-04-22,2020-04-23,2020-04-24,2020-04-25,2020-04-26,2020-04-27,2020-04-28,2020-04-29,2020-04-30,2020-05-01,2020-05-02,2020-05-03,2020-05-04,2020-05-05,2020-05-06,2020-05-07,2020-05-08,2020-05-09,2020-05-10,2020-05-11,2020-05-12,2020-05-13,2020-05-14,2020-05-15,2020-05-16,2020-05-17,2020-05-18,2020-05-19,2020-05-20,2020-05-21,2020-05-22,2020-05-23,2020-05-24,2020-05-25,2020-05-26,2020-05-27,2020-05-28,2020-05-29,2020-05-30,2020-05-31,2020-06-01,2020-06-02,2020-06-03,2020-06-04,2020-06-05,2020-06-06,2020-06-07,2020-06-08,2020-06-09,2020-06-10,2020-06-11,2020-06-12,2020-06-13,2020-06-14,2020-06-15,2020-06-16,2020-06-17,2020-06-18,2020-06-19,2020-06-20,2020-06-21,2020-06-22,2020-06-23,2020-06-24,2020-06-25,2020-06-26,2020-06-27,2020-06-28,2020-06-29,2020-06-30,2020-07-01,2020-07-02,2020-07-03,2020-07-04,2020-07-05,2020-07-06,2020-07-07,2020-07-08,2020-07-09,2020-07-10,2020-07-11,2020-07-12,2020-07-13,2020-07-14,2020-07-15,2020-07-16,2020-07-17,2020-07-18,2020-07-19,2020-07-20,2020-07-21,2020-07-22,2020-07-23,2020-07-24,2020-07-25,2020-07-26,2020-07-27,2020-07-28,2020-07-29,2020-07-30,2020-07-31,2020-08-01,2020-08-02,2020-08-03,2020-08-04,2020-08-05,2020-08-06,2020-08-07,2020-08-08,2020-08-09,2020-08-10,2020-08-11,2020-08-12,2020-08-13,2020-08-14,2020-08-15,2020-08-16,2020-08-17,2020-08-18,2020-08-19,2020-08-20,2020-08-21,2020-08-22,2020-08-23,2020-08-24,2020-08-25,2020-08-26,2020-08-27,2020-08-28,2020-08-29,2020-08-30,2020-08-31,2020-09-01,2020-09-02,2020-09-03,2020-09-04,2020-09-05,2020-09-06,2020-09-07,2020-09-08,2020-09-09,2020-09-10,2020-09-11,2020-09-12,2020-09-13,2020-09-14,2020-09-15,2020-09-16,2020-09-17,2020-09-18,2020-09-19,2020-09-20,2020-09-21,2020-09-22,2020-09-23,2020-09-24,2020-09-25,2020-09-26,2020-09-27,2020-09-28,2020-09-29,2020-09-30,2020-10-01,2020-10-02,2020-10-03,2020-10-04,2020-10-05,2020-10-06,2020-10-07,2020-10-08,2020-10-09,2020-10-10,2020-10-11,2020-10-12,2020-10-13,2020-10-14,2020-10-15,2020-10-16,2020-10-17,2020-10-18,2020-10-19,2020-10-20,2020-10-21,2020-10-22,2020-10-23,2020-10-24,2020-10-25,2020-10-26,2020-10-27,2020-10-28,2020-10-29,2020-10-30,2020-10-31,2020-11-01,2020-11-02,2020-11-03,2020-11-04,2020-11-05,2020-11-06,2020-11-07,2020-11-08,2020-11-09,2020-11-10,2020-11-11,2020-11-12,2020-11-13,2020-11-14,2020-11-15,2020-11-16,2020-11-17,2020-11-18,2020-11-19,2020-11-20,2020-11-21,2020-11-22,2020-11-23,2020-11-24,2020-11-25,2020-11-26
American Samoa,55191,200,0,0,,,,0,0,0,0,0,0,0,0,0,0,0,0,0,0,0,0,0,0,0,0,0,0,0,0,0,0,0,0,0,0,0,0,0,0,0,0,0,0,0,0,0,0,0,0,0,0,0,0,0,0,0,0,0,0,0,0,0,0,0,0,0,0,0,0,0,0,0,0,0,0,0,0,0,0,0,0,0,0,0,0,0,0,0,0,0,0,0,0,0,0,0,0,0,0,0,0,0,0,0,0,0,0,0,0,0,0,0,0,0,0,0,0,0,0,0,0,0,0,0,0,0,0,0,0,0,0,0,0,0,0,0,0,0,0,0,0,0,0,0,0,0,0,0,0,0,0,0,0,0,0,0,0,0,0,0,0,0,0,0,0,0,0,0,0,0,0,0,0,0,0,0,0,0,0,0,0,0,0,0,0,0,0,0,0,0,0,0,0,0,0,0,0,0,0,0,0,0,0,0,0,0,0,0,0,0,0,0,0,0,0,0,0,0,0,0,0,0,0,0,0,0,0,0,0,0,0,0,0,0,0,0,0,0,0,0,0,0,0,0,0,0,0,0,0,0,0,0,0,0,0,0,0,0,0,0,0,0,0,0,0,0,0,0,0,0,0,0,0,0,0,0,0,0,0,0,0,0,0,0,0,0,0,0,0,0,0,0,0,0,0,0,0,0,0,0,0,0,0,0,0,0,0,0,0,0,0,0,0,0,0
Marshall Islands,59190,180,2,3.3789491468,0.5,,,0,0,0,0,0,0,0,0,0,0,0,0,0,0,0,0,0,0,0,0,0,0,0,0,0,0,0,0,0,0,0,0,0,0,0,0,0,0,0,0,0,0,0,0,0,0,0,0,0,0,0,0,0,0,0,0,0,0,0,0,0,0,0,0,0,0,0,0,0,0,0,0,0,0,0,0,0,0,0,0,0,0,0,0,0,0,0,0,0,0,0,0,0,0,0,0,0,0,0,0,0,0,0,0,0,0,0,0,0,0,0,0,0,0,0,0,0,0,0,0,0,0,0,0,0,0,0,0,0,0,0,0,0,0,0,0,0,0,0,0,0,0,0,0,0,0,0,0,0,0,0,0,0,0,0,0,0,0,0,0,0,0,0,0,0,0,0,0,0,0,0,0,0,0,0,0,0,0,0,0,0,0,0,0,0,0,0,0,0,0,0,0,0,0,0,0,0,0,0,0,0,0,0,0,0,0,0,0,0,0,0,0,0,0,0,0,0,0,0,0,0,0,0,0,0,0,0,0,0,0,0,0,0,0,0,0,0,0,0,0,0,0,0,0,0,0,0,0,0,0,0,0,0,0,0,0,0,0,0,0,0,0,0,0,0,0,0,0,0,0,0,0,0,0,0,0,0,0,0,0,0,0,0,0,0,0,0,0,0,0,0,0,0,0,2,2,2,2,2,2,2,2,1,1,1,1,1,1,1,1
Northern Mariana Islands,57559,460,98.8571428571,171.7492361874,0.9505494505,,,0,0,0,0,0,0,0,0,0,0,0,0,0,0,0,0,0,0,0,0,0,0,0,0,0,0,0,0,0,0,0,0,0,0,0,0,0,0,0,0,0,0,0,0,0,0,0,0,0,0,0,0,0,0,0,0,0,0,0,0,0,0,0,0,0,0,0,0,0,0,0,0,0,0,0,0,0,0,0,0,0,0,0,0,4,6,6.5,7,7.5,8,8.5,9,9.3333333333,9.6666666667,10,10.3333333333,10.6666666667,11,11.25,11.5,11.75,12,12.0555555556,12.1111111111,12.1666666667,12.2222222222,12.2777777778,12.3333333333,12.3888888889,12.4444444444,12.5,12.5555555556,12.6111111111,12.6666666667,12.7222222222,12.7777777778,12.8333333333,12.8888888889,12.9444444444,13,13.3333333333,13.6666666667,14,15.5,17,17.4,17.8,18.2,18.6,19,19.2,19.4,19.6,19.8,20,20.0833333333,20.1666666667,20.25,20.3333333333,20.4166666667,20.5,20.5833333333,20.6666666667,20.75,20.8333333333,20.9166666667,21,22.5,24,24.3333333333,24.6666666667,25,26,28,28.0416666667,28.0833333333,28.125,28.1666666667,28.2083333333,28.25,28.2916666667,28.3333333333,28.375,28.4166666667,28.4583333333,28.5,28.5416666667,28.5833333333,28.625,28.6666666667,28.7083333333,28.75,28.7916666667,28.8333333333,28.875,28.9166666667,28.9583333333,29,29.2222222222,29.4444444444,29.6666666667,29.8888888889,30.1111111111,30.3333333333,30.5555555556,30.7777777778,31,32,33,34,34.5,35,35.25,35.5,35.75,36,36.25,36.5,36.75,37,38,38.5,39,39.5,40,41,42,43,44,44.3333333333,44.6666666667,45,45.5,46,46.5,47,47.25,47.5,47.75,48,49,50,51,52,52.1818181818,52.3636363636,52.5454545455,52.7272727273,52.9090909091,53.0909090909,53.2727272727,53.4545454545,53.6363636364,53.8181818182,54,54.3333333333,54.6666666667,55,55.25,55.5,55.75,56,56.3333333333,56.6666666667,57,57.25,57.5,57.75,58,58.5,59,59.3333333333,59.6666666667,60,62,64,66,67,67.1666666667,67.3333333333,67.5,67.6666666667,67.8333333333,68,68.6,69.2,69.8,70.4,71,71.6666666667,72.3333333333,73,73.4,73.8,74.2,74.6,75,75.5,76,76.5,77,77.5,78,84,84.6666666667,85.3333333333,86,86.6666666667,87.3333333333,88,88.6666666667,89.3333333333,90,90.6666666667,91.3333333333,92,92.6666666667,93.3333333333,94,94.4,94.8,95.2,95.6,96,96.6666666667,97.3333333333,98,98.2857142857,98.5714285714,98.8571428571
US,331002651,9147420,10309788,3114.7146310922,0.8002465835,,,0,0,0,0,0,0,0,0,0,0,0,0,0,0,1,1,2,2,5,5.3333333333,5.6666666667,6,7,8,9,10,11,11.3333333333,11.6666666667,12,12.2,12.4,12.6,12.8,13,13.5,14,14.25,13.5,13.75,9,8.25,4.5,3.75,2,0,0,0,0,0,0,0,0,0,0,0,0,0,0,0,0,0,0,0,0,0,86,0,499,1240,2717,5708,10682,15136,22398,31853,39895,49816,65437,81890,99373,116437,136581,160443,183723,211941,241818,272864,299130,327123,355991,385748,417864,449189,476794,502387,526731,553054,580692,609677,640469,666709,691295,718397,742158,769128,800388,832387,862417,888361,910546,933593,959655,987368,1019944,1046436,1070138,1092353,1115337,1138908,1165433,1190937,1214751,1233006,1251876,1273937,1293392,1319367,1343467,1366529,1384155,1405365,1425371,1447439,1472299,1494704,1515110,1534615,1552465,1570986,1588620,1610634,1634069,1657112,1675836,1692381,1712949,1732224,1752884,1777571,1798370,1815739,1832847,1850366,1870561,1893058,1917351,1942117,1960858,1979936,2002981,2028788,2055935,2086257,2117905,2143584,2173899,2208900,2242463,2281821,2326353,2367019,2406967,2446656,2491716,2542232,2596870,2647778,2692465,2741592,2785230,2844884,2903404,2964879,3031608,3090756,3149358,3207034,3273092,3339296,3415182,3485612,3546972,3607277,3668216,3731073,3801620,3868888,3940853,4005146,4059494,4114914,4179631,4249957,4316492,4383060,4439866,4485563,4529684,4585636,4638738,4697141,4754352,4807816,4853731,4902020,4947715,5003283,5053921,5117713,5163525,5204394,5240316,5284288,5330607,5373627,5420910,5463792,5497839,5534048,5573581,5617919,5662132,5707848,5752492,5786893,5821667,5862056,5902020,5944935,5994134,6036559,6067829,6090949,6116823,6149616,6184765,6231265,6271494,6305517,6339066,6377539,6415057,6459128,6506950,6548740,6586835,6637911,6676691,6714342,6759088,6806200,6849876,6886734,6918645,6960644,7000839,7045316,7098813,7146742,7182406,7220856,7263871,7313357,7370836,7425879,7478950,7524406,7564618,7616529,7674995,7738386,7805807,7861797,7910685,7977159,8036676,8098612,8172797,8252589,8334368,8395656,8461547,8536167,8613438,8702397,8799758,8887382,8962317,9045067,9167993,9268969,9393172,9516963,9643534,9752520,9872973,10008521,10149772,10309788
US Alabama,4903185,131171,207065,4223.071330166,0.8557925582,,,0,0,0,0,0,0,0,0,0,0,0,0,0,0,0,0,0,0,0,0,0,0,0,0,0,0,0,0,0,0,0,0,0,0,0,0,0,0,0,0,0,0,0,0,0,0,0,0,0,0,0,0,0,0,0,0,0,0,0,0,0,0,0,0,0,0,3,8,22,23,20,36,46,81,93,117,159,217,432,507,605,713,760,871,956,1100,1288,1434,1642,1801,1942,2175,2572,2771,2979,3309,3512,3634,3868,4076,4251,4367,4547,4729,4918,5125,5429,5457,5749,5877,6098,6258,6393,6552,6682,6949,7237,7536,7781,8064,8369,8684,9021,9226,9447,9735,10036,10378,10611,10905,11140,11440,11725,12091,12466,12887,13249,13635,14012,14667,15099,15555,16054,16586,17130,17589,17857,18061,18262,18565,19205,19661,20084,20558,21098,21949,22803,23682,24696,25343,25962,26340,27221,27996,28542,29014,29447,30064,31006,32138,33079,33969,34320,36051,36881,37751,38881,40600,41576,42666,43587,44482,45598,47777,49070,50491,52114,54054,55764,57529,59523,61511,63631,65384,67258,68692,70118,72498,74270,76395,77526,79318,80519,81900,83872,85830,87453,89546,90736,91766,92710,94618,96311,96376,99321,100996,101814,102741,103481,104202,105428,106271,106822,108161,109261,110216,110504,112257,112784,114434,114965,116969,118722,119852,121539,122884,123703,125229,125847,126884,127965,129366,129877,130534,131149,131929,133059,134212,135145,136254,136958,137643,138547,139209,140313,141606,142404,143221,144004,144552,145569,148005,148927,149657,150318,150889,151995,152988,153912,155592,156381,156924,157672,158613,159132,160606,161660,162476,163210,164301,165066,166248,167442,168695,169653,170512,171541,172790,174038,177867,180194,181271,182238,183317,184505,185936,187265,189039,190737,191643,192628,194430,195739,197263,199025,200230,201398,203095,205105,207065
US Alaska,731545,1477953,20583,2813.634157844,0.7124117403,,,0,0,0,0,0,0,0,0,0,0,0,0,0,0,0,0,0,0,0,0,0,0,0,0,0,0,0,0,0,0,0,0,0,0,0,0,0,0,0,0,0,0,0,0,0,0,0,0,0,0,0,0,0,0,0,0,0,0,0,0,0,0,0,0,0,0,0,0,0,0,5,8,11,10,19,32,36,42,56,67,83,102,110,119,132,140,151,162,176,182,204,217,226,237,248,263,268,276,284,291,300,305,310,312,320,325,327,329,330,331,335,341,345,349.5,354,355,358,360,361,362,364,367,368,369,371,373,374,379,380,384,388,391,392.5,394,395,396,400,400.5,401,402,403,416,420,423,451,458,478,496,506,517,529,537,555,566,586,604,616,642,651,654,667,687,699,714,734,745,751,766,780,804,822,841,870,891,927,965,1003,1048,1096,1123,1150,1168,1207,1254,1304,1366,1458,1516,1558,1609,1672,1714,1775,1858,1930,2020,2114,2178,2235,2322,2507,2601,2709,2776,2860,2966,3109,3245,3303,3363,3418,3458,3512,3590,3686,3754,3799,3859,3941,4041,4125,4226,4276,4340,4413,4495,4564,4650,4716,4787,4820,4872,4956,5071,5163,5206,5242,5277,5343,5431,5549,5636,5731,5765,5798,5863,5977,6060,6162,6219,6294,6337,6387,6494,6601,6694,6802,6872,6929,7004,7134,7260,7379,7489,7603,7725,7825,7961,8101,8239,8380,8576,8723,8843,8977,9164,9394,9644,9835,9989,10143,10303,10520,10729,10938,11141,11372,11596,11835,12083,12439,12957,13307,13687,14035,14385,14762,15214,15565,15909,16290,16698,17010,17517,18119,18629,19093,19618,20105,20583
US Arizona,7278717,294207,259994,3571.9756654916,0.8271476111,,,0,0,0,0,0,0,0,0,0,0,0,0,0,0,0,0,0,0,0,0,0,0,0,0,0,0,0,0,0,0,0,0,0,0,0,0,0,0,0,0,0,0,0,0,0,0,0,0,0,0,0,0,0,0,0,0,2,2,3,4,3.3333333333,3.6666666667,1,3,2,0,0,0,0,0,0,12,24,52,88,200,284,370,488,639,765,804,1035,1158,1271,1448,1600,1842,2085,2269,2367,2497,2769,2846,3127,3264,3427,3513,3658,3914,4177,4371,4567,4702,4856,5033,5319,5528,5748,5990,6174,6386,6608,7024,7311,7685,7960,8233,8601,8960,9182,9751,10161,10319,10574,10929,11345,11817,12284,12728,13031,13253,13625,13916,14319,14596,14997,15295,15514,15713,16167,16636,17321,18072,18750,18929,20031,20994,21482,23020,24113,25550,26336,26912,28389,29774,31383,32879,34103,35117,37465,39204,41686,44901,47993,50581,52776,56252,58011,60992,64466,67900,71671,72288,76878,81658,84933,89275,91823,95328,98657,102176,105640,109608,113750,116644,119162,120520,124689,127900,130987,134829,137518,139859,141404,144838,146677,148942,152220,155904,157864,159673,161735,163926,166415,169587,172510,173961,174991,175976,177569,178963,180365,181351,182152,182752,183945,184547,185865,186743,187647,188507,188976,189876,190492,191150,191728,192688,192882,193195,194052,194208,194866,195370,195972,196339,196513,196998,197490,198544,199230,200049,200290,200486,200547,201016,201443,201936,202506,202889,203102,203577,204257,205986,207249,207846,208312,208544,209133,209551,210109,210621,211067,211478,211751,212417,212735,213423,213957,214575,214927,215240,216097,216684,217542,218219,219109,219701,220175,220843,221730,222830,223552,224428,225168,225915,226917,227853,228819,229773,230625,231999,232800,233930,234937,236240,237788,239646,241171,241837,243506,244268,246384,248337,250927,252800,253235,256618,258639,259994
US Arkansas,3017804,134771,125570,4160.972680797,0.8227354627,,,0,0,0,0,0,0,0,0,0,0,0,0,0,0,0,0,0,0,0,0,0,0,0,0,0,0,0,0,0,0,0,0,0,0,0,0,0,0,0,0,0,0,0,0,0,0,0,0,0,0,0,0,0,0,0,0,0,0,0,0,0,0,0,0,3,6,7,10,15,19.5,23,34,84,104,149,158,202,262,314,358,380,399,443,493,551,606,667,705,790,833,903,958,1074,1126,1179,1231,1360,1428,1510,1559,1631,1666,1705,1842,2144,2191,2378,2653,2741,2853,2923,3016,3097,3158,3223,3274,3333,3358,3394,3461,3501,3581,3634,3774.5,3917,4045,4080,4116,4338,4445,4626,4680,4790,4861,5316,5460,5613,5768,5874,6019,6112,6367,6599.5,6837,7074,7261,7573,7870,8151,8437,8877,9202,9513,9843,10128,10576,11307,11775,12242,12652,12921,13329,13649,14350,14856,15326.5,15791,16386,17074,17753,18088,18427,18989,19934,20446,20862,21734,22269,22856,23374,23896,24138,24902,25666,26409,27191,27966,28531,29305,29863,30672,31309,31687.5,32075,33452,34165,34738,35744,36728,37415,38079,38892,39615,40402,41177,41924,42573,43286,43994,44762,45662,46387,47376,48037,48696,49332,49700,50382,51027,51636,51220,51881,52280,52673,53375,53904,54779,55317,55680,55986,56457,57095,57805,58630,59409,59875,60232,60487,60955,62338,63505,64053,64572,65083,65548,66026,66557,67717,68425,68911,69298,70007,70850,71827,72691,73753,74298,74917,75534,76481,77546,78443,79203,79673,80463,81144,82063,83176,84114,84841,85309,85716,86343,87129,88373,89400.5,90423,91021,91654,92310,93371,94630,95639,96497,97141,97612,98438,99570,100761,102079,103250,104030,104619,105567,106514,107568,108726,110042,110732.5,111416,112274,113537,115063,116909,118491,119509,120424,121830,123772,125570
US California,39512223,403466,972630,2461.592707654,0.8394228305,,,0,0,0,0,0,0,0,0,0,0,0,0,0,0,0,0,0,0,0,0,0,0,0,0,0,0,0,0,0,0,0,0,0,0,0,0,0,0,0,0,0,0,0,0,0,0,0,0,0,0,0,0,0,0,0,0,40,38.5,40,45,61,87,93,104,137,149,151,170,202,330,440,721,826,1003,1217,1390,1728,1913,2514,3338,4034,5057,5760,6724,7334,8301,9716,10954,12272,13128,14597,15603,16840,17910,18964,20084,20593,21529,22537,24200,25455,26792,28118,28724,30944,32984,34865,36669,38459,39419,40694,42184,43566,45885,47334,48993,50355,51635,52878,55379,57072,58882,60853,62906,64144,65568,67257,69191,70868,72637,74626,76179,77509,79696,81775,83959,86072,88084,89905,92036,94204,96816,98943,101889,105520,107917,110189,112479,114517,117541,120592,123317,125804,127909,130559,133548,136171,139771,142950,145516,147580,150925,154936,159153,162996,167493,171717,176625,183660,188860,193610,199488,204226,212212,221645,228912,235202,240760,249793,258300,263990,270019,281598,288472,296111,304007,312388,320717,327990,338919,347269,357159,366139,375336,382150,391268,403873,415747,425323,435211,443366,450191,456082,464657,474694,482592,488983,497938,503659,508085,513199,518294,526595,533799,542026,549759,562154,573649,580591,588385,600855,608657,615098,619649,625668,631424,636846,643249,649960,654889,659337,665258,669551,674769,679588,685580,689700,693346,697437,702456,707471,712327,717157,720217,722840,724323,727551,730793,734766,739336,742170,744373,747171,750313,753845,758061,762280,765545,768147,771242,774279,777612,781737,785744,788691,790844,793986,796930,800447,802537,806786,809814,811469,814198,817611,821344,825465,829234,832671,835006,837597,840860,843905,846829,849650,853119,856391,860032,862909,868999,874871,880066,883033,886197,890643,894796,898781,903787,908281,912365,916373,921650,926110,932537,938314,945963,953125,958449,965807,972630
US Colorado,5758736,268431,145078,2519.2681171702,0.6695402962,,,0,0,0,0,0,0,0,0,0,0,0,0,0,0,0,0,0,0,0,0,0,0,0,0,0,0,0,0,0,0,0,0,0,0,0,0,0,0,0,0,0,0,0,0,0,0,0,0,0,0,0,0,0,0,0,0,0,0,4,3.5,3,5,17,26,48,70,87,98.5,109,114,136,180,252,349,451,570,733,893,1204,1484,1787,2017,2319,2637,2985,3354,3782,4154,4528,4723,4943,5147,5650,5836,6221,6623,6985,7205,7514,7898,8227,8601,8888,9255,9544,9957,10318,11295,12001,12470,12892,13307,13696,14193,14890,15347,15757,15986,16396,16829,17309,17739,18287,18615,18791,19043,19340,19670,20051,20452,20757,21017,21254,21543,21936,22213,22690,22900,22977,23253,23439,23782,24265,24750,25030,25204,25415,25658,25943,26186,26419,26572,26745,26892,27042,27172,27340,27535,27648,27791,27922,28153,28380,28666,28828,29018,29163,29351,29611,29898,30210,30436,30721,30922,31121,31428,31737,32004,32251,32450,32642,33021,33473,33880,34530,34930,35252,35574,36007,36467,37035,37653,38097,38451,38856,39349,39981,40585,41244,42053,42600,42819,43563,44040,44441,45041,45499,45948,46190,46606,47188,47621,48078,48509,48845,49215,49615,49921,50384,50695,50995,51333,51521,51778,52048,52369,52720,53017,53277,53475,53932,54111,54454,54884,55152,55334,55530,55870,56114,56376,56742,57076,57361,57573,57748,57994,58250,58552,58967,59384,59754,60147,60726,61183,61782,62388,62889,63416,64070,64679,65220,65928,66512,67081,67492,68016,68511,69189,69856,70513,71034,71486,72131,72856,73715,74543,75566,76385,76955,78003,78683,79823,81125,82264,83197,84248,85448,86702,88064,89404,91232,92921,95121,96532,98007,99780,102192,105116,107676,109871,112410,115313,118656,122114,125612,128629,132081,135961,139881,145078
US Connecticut,3565287,12542,80973,2271.1495596287,0.7418370712,,,0,0,0,0,0,0,0,0,0,0,0,0,0,0,0,0,0,0,0,0,0,0,0,0,0,0,0,0,0,0,0,0,0,0,0,0,0,0,0,0,0,0,0,0,0,0,0,0,0,0,0,0,0,0,0,0,0,0,0,0,0,0,0,0,0,0,0,0,0,0,0,0,63,43.5,34,209,341,598,632,843,1030,1439,1969,2457,2689,2853,3878,4240,4589,5575,6358,7238.5,8145,8774,9648,10111,11383,11900,12587,13627,14470,14840.5,15114,17320,17727,19751,20303,21047,21650,22302,22782.5,23271,23642,24481,25479,25686.5,25879,26505,27149,27466,28202,28774,29309,29861,30023,30564,31052,31638,32217,32791,33475,34152,34458,35028,35201,35602,35967,36397,36789,37206,37168,37413,37603,37836,38000,38539,38769,38872,39013,39222,39567,39708,39829,39902,40060,40163,40382,40683,40772,40915,41027,41105,41114,41222,41380,41420,41444,41561,41570,41646,41711,41858,41955,41991,42142,42192,42257,42321,42407.3333333333,42493.6666666667,42570,42627,42702,42799,42874,42948.3333333333,43022.6666666667,43092,43107,43211,43319,43461,43515,43569,43618,43659,43786,43795,44335,44404,44473,44539,44633,45090,45220,45357,45441,45525,45606,45654,45768,45787,45860,45942.3333333333,46024.6666666667,46107,46221,46243,46317,46432,46555.3333333333,46678.6666666667,46802,46789,46847,46964,47051,47215,47379,47543,47566,47746,47872,48015,48143,48271,48394,48521,48621,48721,48873,48977.25,49081.5,49182.75,49286,49374,49594,49825,50014.6666666667,50204.3333333333,50392,50526,50658,50875,51014,51179.6666666667,51345.3333333333,51507,51639,51793,51945,52057,52243.6666666667,52430.3333333333,52615,52796,53013,53202,53755,54029.3333333333,54303.6666666667,54566,54682,54797,55179,55461,55907.3333333333,56353.6666666667,56788,57102,57257,57419,58214,58611,59008,59394,59828,60226,60717,61381,62063.3333333333,62745.6666666667,63401,63930,64411,65720,66470,67353.6666666667,68237.3333333333,69099,69844.5,70589,72255,73297,74409.6666666667,75522.3333333333,76592,78106,79815,80973
US Delaware,973764,5047,26785,2750.6664859247,0.7976711635,,,0,0,0,0,0,0,0,0,0,0,0,0,0,0,0,0,0,0,0,0,0,0,0,0,0,0,0,0,0,0,0,0,0,0,0,0,0,0,0,0,0,0,0,0,0,0,0,0,0,0,0,0,0,0,0,0,0,0,0,0,0,0,0,0,1,0,0,0,0,4,12,14,21,28,37,44,63,83,96,127,171,184,211,259,301,323,374,507,583,701.5,824,950.5,1076,1179,1324,1384,1444,1569,1810,1865,2101,2195.5,2292,2490,2665,2931,3023,3145,3275,3722,3838,4241,4304,4372,4545,4655,4816,4889,4963,5364,5522,5691,5852,6016,6129,6297,6499,6764,6910,7081,7202,7398,7566,7719,7903,8044,8205,8321,8475,8574,8603,8677,8742,8927,9002,9107,9186,9210,9244,9269,9341,9438,9468,9516,9551,9599,9666,9722,9757,9833,9894,9935,9989,10099,10169,10263,10308,10333,10374,10463,10500,10574,10709,10859,10956,10989,11210,11402,11473,11605,11770,11889,11935,12002,12074,12164,12225,12300,12389,12469,12533,12752,12844,12934,13047.5,13159,13205,13337,13614,13585,13699,13815,13885,14011,14096,14195,14284,14356,14462,14544,14701,14770,14845,14902,14975,15030,15096,15229,15363,15736,15792,15847,15931,15988,16037,16112,16164,16220,16286,16333,16353,16377,16363,16470,16736,16728,16812,16917,16930,17034,17132,17271,17422,17622,17680,17758,17836,17965,18093,18216,18303,18502,18598,18682,18724,18804,18921,19022,19115,19181,19296,19434,19503,19606,19733,19872,19953,20126,20275,20461,20578,20697,20798,20880,21012,21149,21318,21449,21604,21708,21777,21871,22020,22234,22383,22486,22613,22663,22812,22971,23131,23243,23449,23527,23668,23821,24017,24215,24390,24575,24687,24792,25011,25289,25512,25855,26156,26355,26582,26785
US District of Columbia,705749,158,17830,2526.3939445894,0.8598572531,,,0,0,0,0,0,0,0,0,0,0,0,0,0,0,0,0,0,0,0,0,0,0,0,0,0,0,0,0,0,0,0,0,0,0,0,0,0,0,0,0,0,0,0,0,0,0,0,0,0,0,0,0,0,0,0,0,0,0,0,0,0,0,3,5.5,7,9,10,11,8,13,20,27,56,56,76,92,115,156,199,229,257,292,348,428,514,572,671,811,902,992,1099,1313,1384,1507,1613,1697,1770,1868,1992,2126,2245,2426,2542,2669,2834,2929,3076,3224,3388,3518,3564,3658,3756,3965,4290,4422,4633,4778,4922,5054,5242,5481,5675,5845,5949,6045,6139,6283,6411,6580,6657,6802,6964,7078,7313,7418,7483,7606.5,7734,7839,7907,7990,8032,8206,8286,8342,8366,8493,8593,8669,8738,8799,8854,8937,8996,9046,9108,9161,9217,9248,9267,9294,9349,9397,9427,9461,9497,9533,9564,9591,9617,9648,9680,9724,9759,9794,9816,9858,9869,9904,9936,9989,10062,10098,10162,10220,10266,10324,10363,10442,10492,10530,10609,10675,10753,10840,10942,10984,11060,11127,11189,11267,11352,11406,11463,11532,11608,11677,11716,11799,11843,11917,11987,12049,12149,12203,12292,12354,12419,12513,12554,12614,12666,12718,12746,12800,12858,12923,12979,13028,13073,13107,13178,13235,13309,13343,13376,13433,13460,13516,13567,13619,13659,13694,13741,13766,13791,13870,13928,13968,13998,14061,14116,14162,14223,14273,14324,14347,14390,14418,14472,14529,14579,14613,14627,14663,14688,14720,14782,14832,14878,14906,15010,15055,15123,15201,15276,15342,15380,15424,15488,15521,15609,15688,15724,15748,15798,15851,15887,15957,16052,16113,16157,16249,16316,16417,16487,16608,16709,16778,16864,16936,17015,17123,17221,17331,17415,17500,17702,17830
US Florida,21477737,138887,833343,3880.0316811776,0.8800229367,,,0,0,0,0,0,0,0,0,0,0,0,0,0,0,0,0,0,0,0,0,0,0,0,0,0,0,0,0,0,0,0,0,0,0,0,0,0,0,0,0,0,0,0,0,0,0,0,0,0,0,0,0,0,0,0,0,0,0,0,0,0,0,0,0,0,0,0,35,59,72,124,182,223,337,513,793,909,1179,1631,2130,2741,3419,4277,5075,5907,6902,8117,9343,10464,11202,12311,13263,14240,15221,16265,17310,18112,18981,19487,20334,21509,22518,23244,23937,24570,25360,25995,27138,27825,28614,29119,29823,30117,30581,31515,32169,32792,33536,34054,34591,35167,35465,36186,36863,37231,37830,38567,39313,40050,40495,41627,42272,42814,43252,44401,45072,45777,46309,47277,47727,48164,48729,49921,50624,51488,52180,52727,53911,55132,56108,57312,58687,59704,60795,61993,63616,65209,67660,69764,71496,74129,76510,79136,82382,86366,90954,93657,97392,102815,107686,116408,125844,134153,139481,145375,151808,161094,170288,181528,191295,197440,204603,214410,223127,234241,244389,259460,271590,280582,290357,303864,314781,324776,337099,347431,356447,365886,375878,388018,399876,409045,417756,426617,435724,445410,454081,463379,470328,475055,480193,485443,492897,500320,508556,514644,518722,524301,532241,538329,546238,552379,556112,558693,562290,566240,570607,575120,579320,582286,584488,587109,589844,592860,596416,599450,601989,603829,611170,613326,616666,619673,623203,625707,627498,629196,630999,633357,636839,639900,642283,643996,646633,648746,651888,654954,658391,660846,662476,664831,667286,669593,672284,675015,676682,677363,680449,682263,684670,687182,689847,691583,692935,695050,697594,700678,703457,706088,708783,710282,712882,715624,718831,722123,726049,728495,730140,733640,735714,741136,744700,748994,751320,754598,758755,762708,766746,772055,774293,779068,783596,788063,792307,798346,803416,807754,814311,818060,822269,827839,833343
US Georgia,10617423,148959,370854,3492.8814647396,0.8959795511,,,0,0,0,0,0,0,0,0,0,0,0,0,0,0,0,0,0,0,0,0,0,0,0,0,0,0,0,0,0,0,0,0,0,0,0,0,0,0,0,0,0,0,0,0,0,0,0,0,0,0,0,0,0,0,0,0,1,0,0,0,0,0,0,0,0,0,0,19,34,35,58,124,236,306,389,543,697,885,1146,1585,1938,2218,2345,3428,4086,4761,5181,5487,5960,6581,8019,9065,9694,10591,11255,11540,12344,13197,13894,14549,16040,16495,17124,17725,18593,19429,20176,20770,21295,21996,22472,23154,24118,24628,25713,26714,26996,27726,28047,29009,29685,30321,30721,31617,32097,32764,33425,33896,34707,35144,35659,36007,36619,37524,38258,39044,39958,40658,41136,41445,42092,42695,43252,43840,44535,45124,45678,46319,47242,47985,48667,49255,49849,50561,51282,52228,53013,54025,54903,55630,56273,57203,58063,59153,60952,61841,63050,64779,66459,68165,70030,71989,74209,76391,78237,81146,84605,87361,90151,92343,93888,97216,100555,103367,107769,110906,113428,117060,120400,124192,127604,131431,136047,139283,141733,145067,148318,152562,157284,161002,163754,166614,170701,173867,177748,181779,185343,188475,190708,193154,196864,199991,204006,208335,211464,213869,217326,220842,223275,226424,229592,231426,233229,235944,238187,240873,243699,246245,247912,250209,252284,254462,256870,259126,261471,262640,264118,266299,268194,270814,272817,274949,276597,277203,278673,280514,282301,283907,285991,287368,288376,289839,292035,293840,295631,297887,298993,300147,300992,302419,303752,305166,306480,307269,307852,308852,310556,311842,313078,314471,315287,316057,316976,318438,319678,321266,322461,323600,324484,325460,326725,328318,329895,331405,332577,333311,333959,335228,336957,339151,340958,342275,343204,344642,346219,347967,349320,351834,353025,353954,355581,357387,359266,360964,362646,363880,364966,366833,368397,370854
US Guam,162742,543,5739,3526.4406238095,0.8504742146,,,0,0,0,0,0,0,0,0,0,0,0,0,0,0,0,0,0,0,0,0,0,0,0,0,0,0,0,0,0,0,0,0,0,0,0,0,0,0,0,0,0,0,0,0,0,0,0,0,0,0,0,0,0,0,0,0,0,0,0,0,0,0,0,0,0,0,0,0,2,3,5,9,10,11,23,25,28,33,41,47,50,51,53,64,72,77,79,88,107,108,116,120,123,125,128,128.0909090909,128.1818181818,128.2727272727,128.3636363636,128.4545454545,128.5454545455,128.6363636364,128.7272727273,128.8181818182,128.9090909091,129,133,135,136,136.5,137,139,140,141,142,143,145,144,145,146,146.1666666667,146.3333333333,146.5,146.6666666667,146.8333333333,147,147.5,148,149,151.2,153.4,155.6,157.8,160,160.25,160.5,160.75,161,162.5,164,165,167,167.5,168,169,170,172,173,174,174.2,174.4,174.6,174.8,175,177,178,179,180,180.3333333333,180.6666666667,181,183,188,195,217,218,219,220,226,240,243,245.3333333333,247.6666666667,250,254,262,275,281,283,289.5,296,298,302,304,305,307,307.25,307.5,307.75,308,309,309.5,310,312,314,322,325,327,332,335,338,341,344,346,349,351,362,362.5,363,370,384,391,404,405,408,411,427,440,467,492,499,506,548,564,586,691,753,778.5,804,889,965,1099,1211,1264,1322,1345,1369,1419,1465,1529,1586,1637,1651,1664,1676,1721,1808,1822,1848,1866,1881,1919,1964,1996,2024,2066,2080,2092,2135,2178,2205,2228,2295,2312,2330,2382,2427,2488,2554,2635,2660,2687,2747,2799,2865,2920,2985,3007,3095,3191,3264,3349,3459,3538,3596,3677,3806,3885,3971,4053,4086,4127,4246,4327,4375,4458,4535,4588,4596,4595,4712,4803,4903,4974,5009,5127,5367,5547,5646,5739
US Hawaii,1415872,16635,16200,1144.1712245175,0.9059895979,,,0,0,0,0,0,0,0,0,0,0,0,0,0,0,0,0,0,0,0,0,0,0,0,0,0,0,0,0,0,0,0,0,0,0,0,0,0,0,0,0,0,0,0,0,0,0,0,0,0,0,0,0,0,0,0,0,0,0,0,1,1,2,2,2,2,2,2,2,7,10,13,15,24,34,44,52,72,85,90,100,112,143,166,195,199,249,276,310,342,361,377,398,423,430,452,472,485,488,501,514,525,537,558,563,567,569,575,579,584,586,589,590,592,596,601,602,603,603.5,604,608,609,612,613,614,615,617,618,621,620,621,622,623,623.5,624,626,630,625,626,626.25,626.5,626.75,627,630,632,634,635,635.5,636,637,638,647,656,658,659,665,668,675,689,705,710,718,722,726,744,770,784,795,797,800,816,831,847,853,880,878,895,904,924,952,975,999,1006,1047,1069,1104,1132,1174,1194,1217,1238,1266,1285,1308,1328,1355,1367,1391,1408,1461,1518,1589,1652,1677,1719,1825,1949,2071,2157,2202,2408,2549,2718,2869,3069,3299,3451,3589,3909,4261,4372.5,4484,4763,4979,5145,5535,5769,5879,5991,6272,6515,6898,7034,7169,7472,7734,8042,8240,8373,8553,8888,9095,9353,9573,9735,9839,10036,10132,10299,10466,10591,10702,10781,10846,10944,11100,11234,11332,11406,11461,11521,11685,11774,11904,12029,12126,12213,12296,12406,12510,12603,12735,12804,12854,12935,13029,13127,13289,13357,13458,13500,13558,13659,13747,13831,13924,14006,14043,14131,14208,14310,14450,14538,14656,14693,14756,14817,14894,14994,15062,15145,15222,15308,15463,15561,15692,15818,15946,16009,16085,16200
US Idaho,1787065,214045,76226,4265.4296290286,0.7898821798,,,0,0,0,0,0,0,0,0,0,0,0,0,0,0,0,0,0,0,0,0,0,0,0,0,0,0,0,0,0,0,0,0,0,0,0,0,0,0,0,0,0,0,0,0,0,0,0,0,0,0,0,0,0,0,0,0,0,0,0,0,0,0,0,0,0,0,0,0,0,0,0,2,14,21,32,37,37,58,105,165,205,234,283,382,486,628,850,970,1033,1056,1122,1159,1178,1299,1342,1351,1370,1395,1404,1527,1546,1592,1605,1608,1672,1701,1736,1769,1803,1820,1830,1847,1883,1915,1943,1962,1988,2010.5,2032,2050,2081,2101,2126,2151,2166,2181,2212,2242,2269,2307,2337,2355,2372,2393,2423,2451,2512,2543,2567.3333333333,2591.6666666667,2614,2646,2683,2716,2752,2785.5,2818,2845,2902,2965,3022,3050,3075,3100,3131,3170,3212,3263,3308,3339.5,3371,3448,3540,3651,3778,3913,4037,4160,4308,4547,4765,5047,5217,5433.5,5650,6014,6260,6479,6876,7251,7614,7930,8413,8834,9290,9784,10359,10756,11250,11558,12272,12956,13563,14105,14676,15066,15612,16105,16513,17035,17592,17940,18455,18976,19433,19995,20456,20845,21075,21402,21952,22416,23101,23618,24189,24364,24786,25269,25796,26288,26820,27119,27301,27581,27958,28324,28748,28987,29278,29468,29685,30086,30374,30715,30972,31262,31452,31669,31945,32235,32493,32758,33036,33224,33294,33530,33856,34160,34492,34707,34819,35072,35346,35624,36017,36485,36767,37009,37414,37855,38243,38731,39251,39789,39994,40413,40922,41532,42044,42715,43173,43436,43891,44547,45207,45873,46526,47129,47493,48083,48662,49293,49995,51078,51953,52462,53158,54016,54986,55929,56994,58011,58658,59343,60209,61052,61997,63058,63849,64329,65082,66226,67502,68744,70064,71465,72112,73361,74554,76226
US Illinois,12671821,143793,523946,4134.7332794553,0.7511889076,,,0,0,0,0,0,0,0,0,0,0,0,0,0,0,0,0,0,0,0,0,0,0,0,0,0,0,0,0,0,0,0,0,0,0,0,0,0,0,0,0,0,0,0,0,0,0,0,0,0,0,0,0,0,0,0,0,3,1,0.5,0,0,0,3,3,0,0,0,0,20,60,147,265,375,510,775,966,1155,1403,2010,2430,2814,3876,4263,5126,6032,6623,7770,9098,9966,10913,12081,13513,14734,16092,17306,18919,20042,21122,22378,23378,25118,26601,27739,28846,30221,32134,33823,36417,38428,40497,42424,44501,46563,48990,51997,54376,57322,59606,61583,63707,66266,69045,71295,72885,74123,78098,79615,82751,85099,87127,88801,91073,92505,94797,96950,99649,101932,104400,105915,106999,108033,109470,111014,112447,113771,114727,116269,117164,118041,119197,120061,120906,122264,123025,123587,124313,125011,125658,126315,126774,127376,127894,128451,129255,129880,130532,130988,131552,132231,133105,133999,134761,135388,136120,136819,137639,138483,139407,140251,140885,141493,142057,143014,144012,145322,146505,147458,148323,149000,150171,151412,152817,154085,155036,156200,157136,158706,160309,161877,163285,164821,166051,167107,168485,170233,172186,173820,175269,176555,178000,179735,181661,183742,185915,187291,188602,190122,191730,193541,195817,197634,199185,200951,202653,204921,206729,208984,211317,213205,214809,216482,218611,220290,222680,224538,226516,228179,229653,231746,233081,238652,241433,242822,244196,245559,246874,248797,251076,253172,254621,255981,257424,259330,261362,263533,266031,267416,268879,270379,272185,274410,277183,279594,281189,282885,284218,286443,288556,290960,293375,294806,296637,298213,300775,303792,306868,309710,312413,315138,317943,320754,324713,329767,333340,337560,340655,344301,348588,353433,358349,364419,368431,373135,377053,383010,389325,397769,405471,412377,418557,424960,432347,442102,453745,466026,475936,486448,498921,511400,523946
US Indiana,6732219,92789,225404,3348.1382587227,0.7068304829,,,0,0,0,0,0,0,0,0,0,0,0,0,0,0,0,0,0,0,0,0,0,0,0,0,0,0,0,0,0,0,0,0,0,0,0,0,0,0,0,0,0,0,0,0,0,0,0,0,0,0,0,0,0,0,0,0,0,0,0,0,0,0,0,0,0,0,0,0,0,0,0,0,0,10,74,120,192,274,400,681,902,1171,1436,1771,2129,2562,2918,3408,3849,4375,4877,5282,5645,6166,6650,7115,7392,7626,7890,8428,8979,9412,9964,10422,10771,11061,11625,12233,12905,13504,14421,15010,15563,16189,16939,17554,18182,18742,19209,20006,20590,21205,21789,22150,22651,23123,23443,23985,24545,25155,25644,26113,26508,27067,27705,28151,28609,29073,29399,29739,30082,30688,31162,31798,32152,32397,32790,33237,33605,34062,34461,34857,35070,35464,35759,36162,36551,36927,37290,37806,38146,38363,38776,39065,39374,39730,39935,40154,40408,40916,41392,41819,42170,42466,42819,43167,43592,44112,44612,45186,45506,45780,46200,46695,47416,48184,48709,49131,49761,50438,51134,51848,52683,53596,54226,54920,55666,56589,57575,58484,59331,59863,60609,61213,62148,63041,63994,64724,65298,66090,66795,67824,69046,70069,71108,71767,72621,73263,74299,75355,76391,77124,77710,78535,79011,79945,80967,81955,82568,84224,85041,85962,87094,87893,88997,89875,90757,91431,92278,93376,94389,95458,96298,96882,97260,97955,98695,99939,100984,102224,102949,103617,104177,105001,106027,107090,107831,108346,108915,109610,110494,111646,112767,113661,114527,115244,116183,117312,118753,120141,121209,122016,122938,124204,125612,127401,129293,130851,132412,133910,135042,136952,139209,141645,143218,144776,146225,147932,150735,153166,155862,157978,159917,161833,164350,167917,171030,174470,177198,180249,183041,186680,191033,195617,200476,205069,209177,213903,218876,225404
US Iowa,3155070,144669,153291,4858.5609827991,0.7777873619,,,0,0,0,0,0,0,0,0,0,0,0,0,0,0,0,0,0,0,0,0,0,0,0,0,0,0,0,0,0,0,0,0,0,0,0,0,0,0,0,0,0,0,0,0,0,0,0,0,0,0,0,0,0,0,0,0,0,0,0,0,0,3,8,12,13,13,14,14,16,16,20,27,34,54,68,80,98,118,150,204,264,295,381,448,496,554,635,712,793,867,965,1055,1174,1281,1398,1469,1583,1763,1847,1979,2162,2338,2718,2971,3434,3529,3693,4202,4840,5211,5597,6087,6537,6827,7548,8295,8818,9348,9739,10016,10653,11032,11227,11505,11914,12434,12798,13171,13527,13797,14117,14404,14788,15040,15590,15912,16295,16648,16965,17079,17730,17934,18283,18594,18900,19042,19347,19382,20126,20471,20797,20982,21301,21548,21859,22243,22633,23013,23221,23345,23464,23744,24136,24555,24775,25242,25328,25648,25970,26458,26943,27264,27739,28028,28250,28689,29431,29645,30254,30559,30860,31227,31701,32422,33161,33821,34244,34696,35010,35445,36275,36855,37035,37847,38284,38586,38894,39726,40358,40746,41270,41621,41837,42326,43079,43616,44003,44517,44860,45053,45653,46347,46844,47252,47753,48027,48277,48739,49253,49837,50685,51315,51606,51828,52162,52880,53865,54574,55110,55465,56114,57041,58579,59760,60532,61502,62104,62685,63408,64272,65354,66378,67026,67410,67853,68209,69103,69826,70395,71176,71556,71949,72736,73668,74839,75681,76297,76950,77487,78508,79650,80608,81489,82176,82530,82991,84099,85128,86036,86943,87568,87922,88379,89300,90544,91567,92640,93712,94161,94677,95702,97024,98240,99387,100243,100776,101248,102403,103823,105056,106685,107815,108555,109387,111143,113052,115237,117783,119982,121381,122437,124674,128626,131377,135068,138349,142716,145430,149682,153291
US Kansas,2913314,211754,110863,3805.3913858925,0.7501031821,,,0,0,0,0,0,0,0,0,0,0,0,0,0,0,0,0,0,0,0,0,0,0,0,0,0,0,0,0,0,0,0,0,0,0,0,0,0,0,0,0,0,0,0,0,0,0,0,0,0,0,0,0,0,0,0,0,0,0,0,0,0,0,0,0,1,2,2,2,3,6,6,21,27,34,42,57,71,88,126,152,206,263,306,359,406,472,536,612,655,745,793,936,994,1055,1151,1219,1256,1302,1369,1459,1575,1659,1715,1850,1888,2067,2335,2625,2899,3017,3170,3333,3574,4074,4277,4574,4858,5072,5285,5556,5966,6316,6566,6763,6928,7104,7263,7472,7678,7829.3333333333,7980.6666666667,8123,8222.5,8317,8526.5,8726,8812.6666666667,8899.3333333333,8982,9041.5,9097,9288,9476,9573.3333333333,9670.6666666667,9766,9845.5,9923,10034.5,10139,10224.6666666667,10310.3333333333,10391,10472,10551,10668.5,10783,10907,11031,11149,11280,11409,11598,11782,11917.3333333333,12052.6666666667,12185,12437.5,12688,12972,13254,13555.6666666667,13857.3333333333,14155,14428.5,14691,15155.5,15620,15947.3333333333,16274.6666666667,16594,16952.5,17310,17806.5,18285,18767.3333333333,19249.6666666667,19723,20160.5,20584,21100,21607,22063.3333333333,22519.6666666667,22969,23354,23736,24238.5,24729,25083.3333333333,25437.6666666667,25785,26134,26475,26946,27410,27764.6666666667,28119.3333333333,28471,28891.5,29306,29766.5,30219,30583,30947,31304,31712.5,32110,32779,33442,33869.3333333333,34296.6666666667,34721,35082.5,35432,35915,36375,36890,37405,37916,38684,39442,39997.5,40537,41058.3333333333,41579.6666666667,42078,42742,43354,43994,44624,45188.6666666667,45753.3333333333,46314,46562,46789,47277,47754,48258.3333333333,48762.6666666667,49262,49747.5,50192,50899.5,51587,52145,52703,53253,53886.5,54503,55186,55829,56508,57187,57858,58418,58911,59592,60252,60784.3333333333,61316.6666666667,61836,62458,63000,63927.5,64832,65517,66202,66886,67532.5,68148,68998,69826,70530.3333333333,71234.6666666667,71922,72666,73369,74256,75064,75879.3333333333,76694.6666666667,77495,79179.5,80830,82398,83925,85273.6666666667,86622.3333333333,87961,89455,90889,93598,96223,98196.3333333333,100169.6666666667,102097,104933,107722,110863
US Kentucky,4467673,102269,127845,2861.5567880639,0.7695062568,,,0,0,0,0,0,0,0,0,0,0,0,0,0,0,0,0,0,0,0,0,0,0,0,0,0,0,0,0,0,0,0,0,0,0,0,0,0,0,0,0,0,0,0,0,0,0,0,0,0,0,0,0,0,0,0,0,0,0,0,0,0,1,2,4,5.5,5,6,7,12,11,9,15,16,17,59,59,65,92,125,158,212,300,342,376,476,558,641,694,773,807,854,978,1161,1502,1566.5,1635,1755,1835,1985,2056,2189,2274,2459,2707,2789,2917,3090,3187,3481,3601,3770,3835,4054,4213,4380,4547,4670.5,4796,4879,5456,5558,5743,5897,6049,6167.5,6286,6453,6680,6816,7026,7257,7439.5,7627,7722,7817,7820,7956,8101,8267.6666666667,8431.3333333333,8593,8637.5,8691,8965,9205,9541,9673,9892,10185,10455,10763,10855.5,10950,11171,11345,11399,11642,11892,11988,12087,12264,12423,12616,12869,13045,13165,13246,13539,13755,14005,14239,14423.5,14607,14718,14989,15197,15429,15718,15967.6666666667,16223.3333333333,16481,16845,17242,17561,17979,18425,18689,18944,19504,19953,20352,20870,21444,22419,22670,23309,23788,24387,25167,25992,26306,26826,27343,27937,28590,29347,29913,30372,30690,31367,31899,32398,32932,33714,34101,34369,34898,36043,36776,37380,38009,38385,38758,39351,39960,40650,41278,41904,42533,42903,43571,44217,44943,45713,46520,46972,47331,48111,48909,49792,50576,51356,51663,51952,52200,52853,53635,54555,55261,55788,56120,56830,57590,58179,58931,59901,60333,60703,61513,62294,62924,63824,64787,65239,65684,66587,67564,68432,69427,70689,71300,71832,72852,75224,76075,77060,78041,78885,79520,80263,81571,82734,84030,85312,86118,86755,88041,89482,90765,92204,93919,95377,96290,98047,99890,101683,103595,105561,106981,108006,109682,111297,113535,115743,117878,119051,120775,122837,125509,127845
US Louisiana,4648794,111898,192181,4133.9969032829,0.8517226708,,,0,0,0,0,0,0,0,0,0,0,0,0,0,0,0,0,0,0,0,0,0,0,0,0,0,0,0,0,0,0,0,0,0,0,0,0,0,0,0,0,0,0,0,0,0,0,0,0,0,0,0,0,0,0,0,0,0,0,0,0,0,0,0,0,0,0,0,0,0,0,0,37,103,171,360,660,806,1143,1603,1991,2509,2700,3141,4224,5321,7994,9084,11229,11714,13539,14879,15557,16743,17652,18370,18925,19319,19760,20149,20670,21191,21630,21959,22459,22739,23143,23531,23913,24245,24487,24760,24939,25279,25584,26263,26661,26849,27110,27415,27791,28023,28187,28749,28910,29125,29349,29940,30749,31071,31332,31641,31908,32203,32446,33621,34013,34115,34233,34865,35097,35529,35815,36193.5,36573,36902,37323,37704,38071,38500,38905,39382,39711,39933,40478,40878,41308,41805,43093,43420,43973,44485,45396,45319.5,45237,46107,46490,46943,48276,49138,50060,51389,52099.5,52820,53658,54650,56717,58076,59780,60748.5,61683,62755,64655,66481,68308,70921,73088,74359,76041,78230,80248,82486,84641,86199,87699,90868,92532,95258,97504,99527,101447,103311,105630,106725,108412,110079,111850,113583.5,115240,116320,119907,121334,122609,124059,125385.5,126653,127197,128328,129453,130565,131833,132423.5,132987,133535,134141,134899,135800,136685,137296.5,137850,138461,138998,140521,141177,141742,142554,143333,143642,144305,145440,146236,147029,147726.5,148398,148698,148943,150483,150931,151665,152305.5,152925,153402,153763,154354,154824,155777,156245,156681,156915,157661,158265,158837,159517,159978.5,160420,160646,161169,161763,162302,163099,163545.5,163969,164171,164697,166835,167350,167586,168176.5,168750,168793,169457,170319,171044,171807,172378.5,172943,173136,173818,175157,175909,176587,177073,177539,177754,178666,179764,180119,180528,181063.5,181588,181856,182992,183980,184646,185482,186115,186721,187088,188379,190266.5,192181
US Maine,1344212,79883,8205,610.3947889172,0.7283621838,,,0,0,0,0,0,0,0,0,0,0,0,0,0,0,0,0,0,0,0,0,0,0,0,0,0,0,0,0,0,0,0,0,0,0,0,0,0,0,0,0,0,0,0,0,0,0,0,0,0,0,0,0,0,0,0,0,0,0,0,0,0,0,0,0,1,2,2,0,14,27,36,46,48,63,79,97,113,135,139,151,192,234,256,283,320,349,403,424,436,464,483,498,516,539,566,583,647,683,718,743,772,791,810,818,827,845,875,902,926,951,958,975,990,1026,1054,1082,1115,1134,1153,1181,1257,1299,1331,1358,1384,1398,1434,1481,1518,1559,1598,1624,1647,1724,1782,1850,1915,1956,1975,2009,2037,2089,2126,2182,2225,2248,2276,2316,2344,2380,2422,2468,2486,2504,2534,2564,2618,2653,2689,2705,2714,2731,2773,2808,2831,2848,2862,2884,2907,2959,2991,3042,3077,3105,3139,3180,3214,3258,3280,3298,3306,3322,3342,3368,3381,3401,3420,3439,3445,3457,3476,3513,3523,3564,3587,3600,3606,3613,3633,3665,3689,3707,3712,3740,3762,3786,3810,3831,3843,3848,3865,3869,3885,3896,3911,3918,3919,3938,3957,3983,4012,4036,4065,4081,4101,4120,4151,4183,4201,4222,4234,4255,4280,4302,4354,4376,4390,4411,4429,4479,4494,4528,4543,4561,4573,4594,4620,4652,4694,4723,4763,4777,4800,4820,4863,4893,4937,4964,5004,5029,5073,5092,5117,5145,5157,5194,5248,5287,5323,5340,5373,5399,5419,5458,5493,5520,5550,5577,5606,5634,5670,5690,5719,5766,5792,5814,5841,5877,5914,5945,5985,6049,6101,6155,6229,6308,6408,6505,6550,6634,6760,6907,7089,7271,7429,7517,7711,7871,8012,8205
US Maryland,6045680,25142,155353,2569.6530415106,0.8155869383,,,0,0,0,0,0,0,0,0,0,0,0,0,0,0,0,0,0,0,0,0,0,0,0,0,0,0,0,0,0,0,0,0,0,0,0,0,0,0,0,0,0,0,0,0,0,0,0,0,0,0,0,0,0,0,0,0,0,0,0,0,0,1,1,4,5,7,9,7,2,14,33,43,65,89,122,150,189,232,359,519,694,904,1029,1239,1516,1832,2217,2543,2983,3362,3639,4750,5354,6069,6746,7224,7891,8373,8864,9558,10296,10985,11458,12260,12717,13255,14157,14973,16074,16842,17699,18279,18968,19807,21481,22433,23372,24286,24953,25965,27153,28211,29228,30246,30994,31644,32354,33402,34448,35406,36208,37137,38900,39657,40863,41722,42755,43564,44376,44876,45579,46834,48088,49089,49839,50380,51193,51986,52842,53740,54430,54907,55330,55812,56357,57068,57471,58148,58533,58857,59219,59764,60017,60325,60720,61063,61357,61741,62062,62489,62812,63140,63458,63929,64225,64577,65076,65602,65973,66255,66522,66994,67456,68038,68488,69034,69669,70080,70802,71538,72176,72878,73700,74616,75162,76015,76636,77285,78201,79477,80163,81285,81920,82673,83557,84715,85729,86635,87503,88204,88765,89336,90132,90896,91812,92564,93136,93667,94438,95139,95947,96460,96960,97474,97883,98451,99110,99727,100303,100865,101239,101670,102239,102836,103458,103953,104410,105014,105464,106151,106962,107731,108240,109000,109344,109673,110169,110807,111608,112175,112708,113299,113939,114570,115112,115787,116198,116607,116945,117324,117821,118369,118977,119404,119877,120299,120703,121482,122190,122783,123253,123750,124154,124606,125355,126081,126704,127261,127762,128235,128803,129421,130192,130980,131505,131999,132582,133064,133797,134497,135286,136067,136623,137508,138176,139126,140041,140988,141843,142686,143431,144415,145592,147107,148500,149562,150923,152228,153905,155353
US Massachusetts,6892503,20202,169585,2460.426930536,0.7902597463,,,0,0,0,0,0,0,0,0,0,0,0,0,0,0,0,0,0,0,0,0,0,0,0,0,0,0,0,0,0,0,0,0,0,0,0,0,0,0,0,0,0,0,0,0,0,0,0,0,0,0,0,0,0,0,0,0,0,0,0,0,0,0,0,0,0,0,0,0,0,0,0,0,49,122,177,230,545,1124,1593,2319,3212,3800,4442,5192,6137,7200,8481,9654,10256,11436,12655,14095,16074,18001,19889,22482,23791,24956,26565,28930,31409,33681,35816,37326,38956,40493,43440,46267,48508,49959,51354,53161,54950,56723,58719,60558,62290,63225,64333,65959,67573,69105,70439,71421,72046,72859,73950,75542,76703,78165,79164,80017,80840,81818,82883,83654,84373,85359,85918,86285,86766,87403,87974,88725,89341,93158,93498,93858,94293,94757,95304,95578,95752,95999,96218,96704,97046,97354,97543,97595,97831,98070,98290,98501,98764,98878,99012,99226,99368,99569,99774,100133,100342,100438,100542,100775,100958,101226,101419,101543,101704,101888,102134,102413,102612,102888,103068,103291,103579,103767,103986,104270,104612,104896,105141,105376,105661,105956,106276,106547,106902,107185,107431,107915,108308,108808,109222,109629,109824,110364,110767,110986,111390,111790,112119,112367,112747,113013,113312,113508,113861,114151,114353,114524,115355,115651,116116,116244,116566,116889,117279,117610,117958,118404,118834,119019,119314,119663,111886,112286,112489,112901,113252,113474,113634,113796,114184,114613,115149,115422,115665,115970,116243,116648,117092,117674,118030,118266,118431,118955,119428,119904,120463,121038,121455,121954,122469,123198,123929,124580,125210,125709,126199,126712,127126,127871,128501,129039,129782,130524,131068,131628,132371,132939,133647,134465,135429,136104,137130,138179,139359,140416,141614,142853,143996,145322,146881,148283,149378,150209,151225,152892,154726,156805,159088,160887,162196,164330,166937,169585
US Michigan,9986857,146435,250013,2503.4202452283,0.7093915723,,,0,0,0,0,0,0,0,0,0,0,0,0,0,0,0,0,0,0,0,0,0,0,0,0,0,0,0,0,0,0,0,0,0,0,0,0,0,0,0,0,0,0,0,0,0,0,0,0,0,0,0,0,0,14,27,48,69,90,127,165,215,315,442,616,838,1149,1445,1837,2458,3108,3855,4475,5301,5993,6672,7771,8706,9735,10719,11882,12784,13535,14972,16122,17574,18535,19595,20474,21222,22438,23493,24462,25385,26354,27051,27630,28554,29366,30198,31021,31800,32450,32916,33772,34808,35866,36769,37743,38227,38708,39570,40350,41256,42227,42915,43315,43633,44382,45027,45617,46176,46763,47120,47393,48326,49938,50731,51285,51909,52221,52460,52969,53707,54267,54709,55166,55377,55530,55690,56124,56509,56812,57126,57308,57552,57796,58069,58346,58555,58754,58827,58879,59007,59058,59068,59316,59538,59683,59896,59924,60076,60299,60586,60882,61327,61493,61736,61946,62293,62718,63044,63366,63632,63902,64402,64759,65330,65820,66217,66575,66896,67518,68163,68668,69285,69970,70376,70793,71443,72491,73396,74143,74881,75411,75932,76588,77252,77925,78548,79346.5,80142,80647,81425,82435,83226,84008,84746,85169,85782,86567,87275,88022,88836,89536,90067,90643,91529,91999,93150,94012,95070,95511,95996,96636,97310,97827,98533,99238,100002,100876,101826,102593,103449,104236,104920,105615,106104,106888,107525,108287,109341,110222,110828,111422,111905,112850,113827,115224,116014,116628.5,117236,117897,118659,119620,120390,120963,121750.5,122523,123196,124090,125144,126177,127154,127818.5,128477,129565,130746,131710,132679,133954,134681.5,135363,136495,137674,139029,140332,141942,142908,143844,145277,146849,149260,151454,153088,154756,156407,158233,160090,162243,164242,167667,169695.5,171661,174250,177798,181858,185080,189030,192490,195895,199252,203587,209546,213735,220128,224780.5,229368,236158,242702,250013
US Minnesota,5639632,206232,198420,3518.3146701771,0.6858553143,,,0,0,0,0,0,0,0,0,0,0,0,0,0,0,0,0,0,0,0,0,0,0,0,0,0,0,0,0,0,0,0,0,0,0,0,0,0,0,0,0,0,0,0,0,0,0,0,0,0,0,0,0,0,0,0,0,0,0,1,1,1,4,10,20,41,58,85,119,169,234,252,269,281,303,320,363,410,463,515,583,623,655,753,837,886,962,1008,1037,1083,1187,1272,1355,1437,1511,1562,1592,1726,1864,2002,2143,2297,2393,2495,2762,2997,3273,3762,4254,4569,4934,5596,6174,6830,7453,8044,8362,8680,9495,10119,10724,11510,12189,12460,12674,13489,14135,14830,15588,16357,16669,16966,17927,18760,19512,20456,21215,21584,21924,22316,23080,23721,24279,24708,24867,24993,25562,26032,26532,26914,27295,27449,27576,28020,28441,28767,28977,29017,29013,29011,29223,29406,29814,30180,30528,30964,31412,31716,31955,32240,32595,33083,33496,34009,34319,34755,35158,35644,36051,36302,36555,36984,37545,37997,38562,39161,39960,40667,41156,41550,42113,42713,43373,43824,44550,45451,45797,46291,47044,47807,48602,49455,50102,50574,51223,51961,52724,53443,54195,54802,55395,55995,56849,57386,58294,59085,59699,60014,60461,61138,61864,62550,63287,63850,64189,64736,65419,66234,66964,67675,68386,68793,69315,70454,71291,72299,73218,73890,74376,75100,76129,76964,77865,78570,79204,79577,79831,80209,80670,81532,82251,82882,83279,83724,84620,85695,86595,87884,88806,89282,89946,90852,92015,93475,94540,95441,96243,96954,98001,99154,100570,101592,102560,103494,104370,105621,106998,108500,109919,111086,112206,113556,114687,116959,118633,120337,121955,123032,124061,125597,127272,129497,131146,132697,134838,136690,139518,142626,145598,147767,150703,154153,157913,161783,167157,171753,177621,181523,186378,191195,198420
US Mississippi,2976149,121531,126902,4263.9666226389,0.8610413755,,,0,0,0,0,0,0,0,0,0,0,0,0,0,0,0,0,0,0,0,0,0,0,0,0,0,0,0,0,0,0,0,0,0,0,0,0,0,0,0,0,0,0,0,0,0,0,0,0,0,0,0,0,0,0,0,0,0,0,0,0,0,0,0,0,0,0,0,0,0,1,12,24,51,105,164,198,261,310,409,497,570,662,749,826,951,1048,1218,1303,1479,1569,1732,1810,2059,2260,2421,2554,2713,2848,3110,3363,3512,3683,3971,4202,4374,4520,4757,5025,5297,5481,5659,5885,6104,6335,6719,6931,7029,7349,7653,7854,8106,8494,8762,8876,9039,9256,9420,9790,10091,10400,10562,10693,10937,11185,11428,11821,12202,12435,12621,12894,13176,13504,13909,14340,14610,14857,15105,15384,15622,15821,15831,16332,16790,17136.5,17472,17771,18069,18313,18477,18740,19079,19559,19878.2,20207.4,20521.6,20846.8,21173,21740,22236,23312,23851,24301,24643,25317,25975,26610,27462,28390,29328,29545,29899,30825,31465,32155,33159,33939,34792,35179,35999,37004,38186,39166,40153,40935,42178,43771,45267,46228,47815,49223,50408,51045,52355,53815,55568,56704,57801,58469,59030,60071,61281,62210,63222,64409,64933,65401,65978,67001,67587,68517,69328,69695,69939,70714,72029,72913,73765,74699,75310,75820,76621,77487,78039,78624,79344,79979,80244,80850,81609,82336,83159,83669,84078,84320,84533,84935,85448,86281,86709,86955,87097,87566,88265,88956,89512,90076,90351,90543,91008,91522,92236,92952,93581,93758,93948,94523,95050,95734,96398,96996,97317,97532,98270,99018,99588,100443,101383,101677,101965,102658,103515,104829,105927,106672,106951,107244,107938,108726,109676,110457,111655,111982.5,112320,113137,114120,115073,115817,116620,116957,117320,117928,118674,120268,121212,122228,123013,123529,124409,125649,126902
US Missouri,6137428,178040,221563,3610.030129885,0.7712897241,,,0,0,0,0,0,0,0,0,0,0,0,0,0,0,0,0,0,0,0,0,0,0,0,0,0,0,0,0,0,0,0,0,0,0,0,0,0,0,0,0,0,0,0,0,0,0,0,0,0,0,0,0,0,0,0,0,0,0,0,0,0,0,0,0,0,0,0,0,0,0,0,5,28,49,56,144,216.5,298,425,573,729,824.5,917,1194,1434,1682,1948,2116,2191,2545,2848,3119,3321,3537,3751,3886,4100,4372,4577,4782,4946,5166,5315,5449,5564,5741,5903,6176,6354,6515,6683,6779,6883,7000,7259,7565,7792,8149,8300,8471,8680,8818,8990,9163,9233,9320,9446,9610,9718,9904,10017,10172,10297,10446,10554,10759,10943,11179,11348,11451,11644,11813,11923,12083,12268,12447,12693,12858,13111,13305,13487,13597,13773,13952,14212,14408,14595,14814,15002.5,15191,15399,15608,15886,16175,16563,16975,17115,17463.5,17822,18370,18863,19192,19506,19960,20458,20825,21170,21709,22085,22307,22724,23486,24045,24820,25388,25951,26246,26689,27613,28494,29189,30045,30995,31841,32369,33496,34791,36420,38051,39408,40626,41743,43511,45427,47509,48988,49912,50473,51491,52678,53907,54966,55960,56812.3333333333,57669.6666666667,58528,59495,61081,62347,63806,64901,65967,67093,67879,69133,70188,71402,72618,73417,74285,74975,76389,77883,79291,80486,81950,82983,84023,85474,86853,88435,90409,91639,92533,93249,94528,95639,97166,99071,100684,102015,103310,104469,106206,107985,109347,110671,112133,113166,114710,116052,117903,119592,120984,122264,122340,123693,125470,126938,128525,129849,130828,131968,133010,134499,136476,141429,142537.25,143644.5,144728.75,145809,147655,149646,151904,153670,155070,156561,157781,159617,161403,164302,166342,167869,169418,171309,174354,176841,179813,182161,184800,186971,189546,193069,196970,201511,205638,208880,212947,216992,221563
US Montana,1068778,376962,42373,3964.6212777583,0.7099795583,,,0,0,0,0,0,0,0,0,0,0,0,0,0,0,0,0,0,0,0,0,0,0,0,0,0,0,0,0,0,0,0,0,0,0,0,0,0,0,0,0,0,0,0,0,0,0,0,0,0,0,0,0,0,0,0,0,0,0,0,0,0,0,0,0,1,1,4,6,3.5,4,5,7,11,15,25,28,40,47,65,102,123,148,164,177,201,220,235,255,276,289,307,318,340,351,363,373,380,384,388,399,406,410,417,419,421,423,426,428,429,432,433,435,436,437,438,439,440,441,440,440.6666666667,441.3333333333,442,442.3333333333,442.6666666667,443,444,445,447,449,451,452,453,454,461,462,461.3333333333,461.6666666667,462,462.3333333333,462.6666666667,463,467,475,487,496,500,504,505,519,521,520,525,527,533,540,542,551,566,579,587,592,608,633,643,675,694,717,720,743,778,801,823,834,887,933,982,1048,1091,1130,1175,1210,1287,1329,1423,1547,1631,1712,1796,1901,2042,2176,2306,2410,2472,2557,2648,2748,2845,2969,3185,3267,3306,3398,3596,3733,3884,3999,4111,4151,4230,4345,4513,4668,4799,4862,4926,5007,5170,5309,5441,5555,5646,5688,5741,5847,5961,6102,6260,6312,6371,6505,6663,6806,6932,7118,7205,7283,7369,7550,7728,7873,8008,8107,8156,8218,8303,8498,8615,8754,8848,8933,9067,9251,9466,9685,9977,10112,10239,10508,10719,11045,11358,11698,11897,12201,12507,12846,13270,13620,14116,14394,14606,15095,15788,16399,17117,17823,18405,18822,19306,19885,20596,21231,21858,22445,23004,23694,24308,25233,26084,26697,27424,28044,28884,29494,30381,31439,32287,32975,33730,34616,35394,36407,37380,38348,39076,39439,40521,41418,42373
US Nebraska,1934408,198974,88964,4599.0297806874,0.7408974316,,,0,0,0,0,0,0,0,0,0,0,0,0,0,0,0,0,0,0,0,0,0,0,0,0,0,0,0,0,0,0,0,0,0,0,0,0,0,0,0,0,0,0,0,0,0,0,0,0,0,0,0,0,0,0,0,0,0,0,0,1,1,3,3,5,10,13,12,15,16,18,20,22,26,32,40,42,42,49,59,70,79,91,128,154,190,225,255,297,335,381,414,481,522,588,650,738,758,816,846,884,996,1065,1211,1396,1570,1640,1727,2034,2329,2636,2930,3258,3271,3677,4168,4719,5203,5787,5958,6306,6633,7047,7684,8087,8165,8422,8539,8912,9252,9602,10050,10178,10447,10665,10935,11239,11476,11801,11946,12167,12428,12781,13049,13438,13689,13885,14125,14380,14632,14877,15135,15299,15390,15503,15627,15768,16055,16247,16366,16458,16582,16757,16950,17133,17307,17423,17526,17674,17810,17939,18062,18238,18490,18614,18754,18891,19019,19153,19359,19526,19628,19740,19891,20114,20307,20461,20682,20856,21082,21396,21655,21806,22029,22149,22251,22515,22858,23151,23478,23829,24050,24273,24551,24806,25066,25406,25850,26030,26341,26594,26810,27118,27448,27728,27869,28054,28313,28647,28858,29269,29596,29849,29980,30166,30426,30641,30944,31222,31376,31485,31643,31942,32306,32671,33002,33319,33612,33852,34138,34556,35027,35219,35363,35444,35523,36016,36455,36911,37373,37639,37865,38170,38492,38941,39428,39894,40300,40582,40885,41278,41771,42217,42643,43077,43544,44056,44517,45034,45650,46430,46855,47259,47705,48192,48820,49472,50553,51292,51786,52236,52923,53839,54791,56068,56682,57414,58161,58749,59639,60611,61809,62512,63094,63789,64646,65814,67394,68870,69953,70887,71823,73244,75062,77158,79796,81490,83060,84617,86783,88964
US Nevada,3080156,284332,112787,3661.7301201627,0.7790179651,,,0,0,0,0,0,0,0,0,0,0,0,0,0,0,0,0,0,0,0,0,0,0,0,0,0,0,0,0,0,0,0,0,0,0,0,0,0,0,0,0,0,0,0,0,0,0,0,0,0,0,0,0,0,0,0,0,0,0,0,0,0,0,0,0,0,1,9,17,31,36,33,50,50,54,78,111,187,220,310,415,496,610,863,972,1129,1300,1352,1574,1664,1773,1894,2117,2246,2368,2471,2601,2726,2837,2954,3052,3247,3345,3441,3538,3640,3770,3888,4070,4205,4263,4346,4455,4543,4640,4859,4942,5048,5108,5204,5270,5369,5484,5624,5690,5742,5899,5978,6074,6179,6270,6413,6461,6594,6711,6795,6941,7233,7305,7410,7525,7639,7733,7875,8017,8114,8205,8345,8445,8601,8775,8969,9157,9294,9538,9670,9904,10178,10446,10673,10775,11151,11331,11551,11958,12401,12671,12998,13449,14039,14908,15281,15747,16567,17301,17844,18483,19107,20081,20929,21771,22261,23109,23597,24195,25186,26106,26949,27776,28860,29688,31114,32465,33645,34933,35866,36666,37767,39019,39965,40867,41877,42868,43955,44810,45794,47043,48005,49133,50122,51077,51694,52385,53348,54222,55033,55772,56290,56798,57379,58462,59306,60003,60662,61326,61692,62221,63058,63681,64212,64617,65020,65254,65791,66413,67012,67456,67772,68151,68378,68717,69188,69574,70079,70436,70558,70702,70982,71233,71638,71952,72229,72447,72648,72992,73487,73799,74181,74413,74669,75171,75548,76096,76696,77067,77527,77921,78289,78712,79475,80001,80390,80725,81189,81615,82091,82855,83656,84031,84599,85079,85548,86200,86908,87875,88480,89059,89692,90250,91029,91821,92962,93852,94326,95049,95602,96674,97893,98855,99570,100197,101081,102146,103407,104940,106735,108005,108959,110257,111340,112787
US New Hampshire,1359711,23187,12956,952.8495393506,0.6900298253,,,0,0,0,0,0,0,0,0,0,0,0,0,0,0,0,0,0,0,0,0,0,0,0,0,0,0,0,0,0,0,0,0,0,0,0,0,0,0,0,0,0,0,0,0,0,0,0,0,0,0,0,0,0,0,0,0,2,2,2,2,4,4.5,4,4.5,5,5.5,5,11,12,14,22,35,39,48,56,69,92,90,119,137,165,191,291,341.5,383,415,442,503,583,628,673,746,755.5,768,832,869,925,960,1079,1147,1215,1233.5,1258,1306,1405,1447.5,1477,1556,1599,1656,1731,1805,1868,1904,1987,2151,2258,2416,2440,2454,2550,2644,2739,2803,2951,2989.5,3025,3076,3232,3272,3314,3351,3407,3465,3603,3662,3806,3836,3863,3911,3937,3985,4078,4177,4227,4331,4365,4423,4465,4545,4682,4692,4704,4740,4789,4831,4844,4886,4932,4978,4987.5,4993,5063,5075,5110,5142,5163,5176,5187,5212,5284,5304,5326,5369,5380,5390,5408,5427,5462,5479,5499,5516,5532,5550,5568,5582,5615,5645,5659,5682,5702,5750,5768,5787,5809,5832,5844,5877,5899,5996,6017,6049,6081,6086.5,6091,6122,6190,6200.5,6211,6236,6266,6291,6314,6389,6402,6411,6432,6457,6490,6518.5,6548,6556,6572,6585,6604,6618,6639,6660,6674,6701,6717,6726,6760,6782,6811,6818,6839,6859,6884,6909,6930,6986,7009,7038,7056,7095.5,7135,7182,7213,7257,7275,7309,7341,7373,7419,7478,7504,7508,7544,7559,7595,7633.5,7666,7717,7752,7777,7808,7854,8069,8131,8178,8212,8263,8331,8408,8514,8619,8644.5,8668,8804,8871,8944,9032,9142,9211,9263,9345,9433,9508,9624,9749,9839,9908,10042,10149,10273,10386,10585,10715,10820,10946,11059,11302,11505,11733,11976,12187,12406,12634,12956
US New Jersey,8882190,19047,250061,2815.3079364436,0.7756763799,,,0,0,0,0,0,0,0,0,0,0,0,0,0,0,0,0,0,0,0,0,0,0,0,0,0,0,0,0,0,0,0,0,0,0,0,0,0,0,0,0,0,0,0,0,0,0,0,0,0,0,0,0,0,0,0,0,0,0,0,0,0,0,0,0,0,0,0,0,0,0,0,62,74,269,730,1510,2044,2433,4640,6304,8280,10302,13388,15037,18187,21101,25042,28985,32195,35572,38484,41162,44420,47702,50985,54582,57177,60989,62846,66653,69467,72195,75921,79364,82604,85761,89621,91658,94808,98172,100262,102718,104924,107060,109401,111814,114731,116173,118345,119474,121117,122788,124320,125713,127111,127857,128523,129600,130666,131744,132922,134601,135523,136797,137775,138940,139267,140246,141145,141724,142512,143632,144612,145273,146073,146494,147069,147550,147980,148751,149285,149541,149846,150089,150593,151040,151345,151750,151999,152202,152482,152716,153093,153424,153737,154023,154277,154543,154649,154928,155285,155528,155821,155892,156265,156501,156898,157265,157541,157902,158101,158345,158482,158659,159012,159332,159659,159865,160236,160581,160793,160832,161083,161046,161216,161498,161880,162115,162562,163066,163566,164011,164482,164942,165138,165818,166178,166497,166757,167103,167449,167817,168168,168534,168875,169130,169570,170023,170672,171232,171507,171516,171820,172146,172464,172557,172840,173252,173506,173729,174026,174303,174605,174954,175299,175585,175930,176251,176547,176922,177367,177689,177997,178327,178597,178912,179327,179795,180238,180529,180865,181291,181670,182234,182717,183174,183626,184016,184433,184836,185392,185936,186679,187374,187932,188381,189084,189692,190427,191372,191991,192499,193115,193605,194885,195740,196596,197343,197805,198779,199699,200662,201465,202388,203659,204848,205818,206832,207982,209014,210914,212039,213244,214870,216521,218052,220001,221338,223063,224417,226207,228602,230530,232668,235836,237834,239881,243611,246609,250061
US New Mexico,2096829,314161,59307,2828.4137619234,0.6604637178,,,0,0,0,0,0,0,0,0,0,0,0,0,0,0,0,0,0,0,0,0,0,0,0,0,0,0,0,0,0,0,0,0,0,0,0,0,0,0,0,0,0,0,0,0,0,0,0,0,0,0,0,0,0,0,0,0,0,0,0,0,0,0,2,4,9,10.5,11,15,19,23,29,36,47,50,53,71,87,96,117,172,217,233,250,279,327,359,444,490,569,628,729,794,1013,1048.5,1081,1146,1241,1297,1372,1474,1580,1659,1694,1815,1910,2041,2207,2340,2469,2526,2615,2755,2982,3169,3260,3473,3585,3761,3862,4008,4199,4371,4470,4546,4749,4887,5035,5168,5318,5496,5582,5734,5825,5942,6089,6238,6403,6547,6626,6726,6842,6944,7067,7193,7254,7360,7577,7688,7897,8208,8334,8471,8593,8629,8770,8882,9037,9130,9231,9352,9436,9565,9650,9749,9917,10052,10179,10319,10463,10659,10869,11076,11264,11434,11596,11719,11958,12211,12494,12685,12929,13139,13426,13655,13948,14166,14414,14672,14888,15209,15503,15814,16085,16317,16560,16859,17161,17494,17800,18107,18357,18812,19098,19441,19691,19897,20085,20302,20412,20617,20837,21039,21226,21372,21570,21697,21893,22061,22223,22393,22533,22638,22721,22792,22959,23160,23301,23502,23593,23662,23728,23919,24104,24224,24357,24460,24529,24630,24780,24976,25061,25201,25258,25293,25327,25411,25570,25698,25791,25891,25969,26048,26164,26317,26463,26622,26687,26789,26896,27091,27325,27585,27785,27933,28070,28239,28514,28739,29072,29367,29543,29697,30005,30422,30803,31281,31757,32016,32386,32733,33299,33964,34763,35325,35762,36266,36851,37656,38295,39080,39936,40745,41456,42025,42668,43728,44711,45282,46017,46868,47976,48961,49808,51069,52321,53498,54889,56119,57583,59307
US New York,19453561,122057,519213,2668.9869273805,0.8371716175,,,0,0,0,0,0,0,0,0,0,0,0,0,0,0,0,0,0,0,0,0,0,0,0,0,0,0,0,0,0,0,0,0,0,0,0,0,0,0,0,0,0,0,0,0,0,0,0,0,0,0,0,0,0,0,0,0,0,0,0,0,0,0,0,0,0,0,0,0,0,0,442,1779,4167,6791,11009,16117,20176,24542,30191,36793,43691,50128,56441,64961,72126,80189,90041,100342,108162,116342,124035,134014,144197,154350,163859,171728,177728,184570,195764,203963,211032,217823,223597,228097,232045,237339,242632,250545,260872,266567,270356,273261,277678,282202,286010,290499,293796,296224,298349,301002,304386,307212,309840,312004,313567,314921,317018,319329,322033,324384,326216,327412,328822,330291,332325,333979,335714,337256,338465,339488,340561,342291,343789,345133,346219,347132,348432,349456,350472,351522,352606,353372,354060,354716,355374,356092,356900,357800,358489,359102,359720,360276,360883,361671,362376,363032,363575,364161,364722,365456,366252,366949,367560,367941,368460,369076,369940,370848,371563,372083,372593,373179,373861,374432,375209,375926,376600,377146,378049,378874,379630,380401,381141,381637,382154,383006,383707,384512,385260,386005,386534,387140,387667,388375,389142,389782,390523,391048,391587,392325,392955,393653,394364,395063,395572,396041,396706,397398,398131,398855,399582,400181,400588,401240,401866,402460,403164,403815,404378,404784,405407,405970,406754,407385,408018,408710,409362,410105,410808,411694,412548,413347,414074,414593,415146,415717,416472,417345,418190,418909,419480,420244,420887,421772,422555,423533,424381,424946,425691,426347,427292,428194,429191,430052,430873,432051,433044,434413,436001,437723,438938,439856,441236,442589,444410,445991,447425,448556,449573,450950,452167,453608,455303,457084,458457,459441,460627,462638,464242,465861,467904,469517,470682,472641,474651,477121,479352,481377,483602,485209,487500,489590,492555,495729,499282,502679,505790,509704,514483,519213
US North Carolina,10488084,125920,298316,2844.3326731556,0.8609259291,,,0,0,0,0,0,0,0,0,0,0,0,0,0,0,0,0,0,0,0,0,0,0,0,0,0,0,0,0,0,0,0,0,0,0,0,0,0,0,0,0,0,0,0,0,0,0,0,0,0,0,0,0,0,0,0,0,1,1,2,2,2,2,7,8.5,10,12,19,28,27,32,53,81,118,160,224,264,352,451,571,689,855,959,1221,1390,1467,1726,1941,2238,2413,2691,3008,3184,3398,3639,4023,4221,4510,4682,4769,5087,5460,5720,6071,6334,6499,6743,7101,7525,8079,8283,8592,8991,9351,9894,10282,10857,11005,11187,11565,12056,12681,13140,13623,14020,14291,14580,15022,15680,16270,17105,17626,18125,18779,19183,19900,20652,21733,22226,22958,23111,23575,24348,25396,26569,27480,28145,28735,29609,30791,32058,33413,34326,35261,35909,36905,38197,39946,41364,42797,43777,44510,45482,46797,48448,49994,51405,52207,53033,54733,55722,57339,59038,60639,61974,63118,64945,66554,68635,70025,71349,72887,74207,75612,77623,79585,82015,83916,85738,87664,89401,91523,93553,95994,97809,99064,100851,102951,104801,106861,108932,110545,112166,113883,115601,117907,119835,121535,122872,124184,125765,126857,128802,130318,132245,133687,134309,135325,136455,138194,139518,141023,142260,142814,144038,145153,147101,149073,150752,152223,153499,154832,156027,158086,159468,162029,163075,164253,166313,167404,169029,171047,172580,173658,174672,175349,176216,177398,178877,180300,181495,182336,183393,184492,185997,187411,188619,189947,190744,191879,192808,194467,200584,202325,203610,204475,205321,206776,209035,210774,212957,213562,215815,217266,218937,221315,223317,225608,227314,228577,230270,232162,234656,237291,239347,241645,242782,244293,246085,248444,251126,253687,255492,257127,259223,261438,264315,267110,269879,271886,273214,275525,277904,280725,283590,286240,288305,289821,292368,295423,298316
US North Dakota,762062,178711,58493,7675.6221934698,0.7651945266,,,0,0,0,0,0,0,0,0,0,0,0,0,0,0,0,0,0,0,0,0,0,0,0,0,0,0,0,0,0,0,0,0,0,0,0,0,0,0,0,0,0,0,0,0,0,0,0,0,0,0,0,0,0,0,0,0,0,0,0,0,0,0,0,0,1,1,0,0,0,0,3,12,17,25,26,27,29,35,47,55,73,89,99,108,130,150,164,177,197,212,224,237,254,263,277,291,312,322,345,373,415,504,568,611,627,655,686,723,779,843,918,966,1004,1036,1072,1118,1156,1188,1229,1285,1333,1385,1425,1451,1477,1528,1598,1661,1712,1799,1850,1879,1935,2016,2107,2176,2225,2279,2316,2356,2371,2412,2452,2486,2509,2555,2576,2608,2634,2673,2744,2788,2806,2827,2866,2902,2937,2979,3001,3023,3045,3084,3113,3145,3170,3207,3232,3236,3280,3312,3340,3377,3412,3458,3496,3532,3574,3637,3694,3730,3763,3812,3881,3980,4064,4149,4240,4342,4395,4467,4567,4689,4805,4918,5025,5106,5265,5388,5510,5631,5771,5880,6030,6117,6189,6356,6488,6544,6671,6816,6937,7057,7206,7386,7477,7594,7762,7847,8046,8198,8321,8464,8523,8653,8841,9113,9343,9599,9738,9864,10094,10328,10659,10969,11342,11563,11676,11869,12129,12487,12829,13185,13484,13646,13716,13954,14287,14528,14995,15421,15654,15879,16142,16532,17039,17416,17767,18053,18291,18755,19217,19651,20146,20490,20737,21141,21569,21929,22393,22833,23249,23552,24049,24529,25046,25695,26283,26920,27386,27879,28569,29271,30117,30861,31578,32220,33233,33711,34584,35459,36394,37239,37744,38633,39388,40577,41913,43346,44473,45420,46566,47659,49181,50929,52531,53632,54778,55662,56693,58493
US Ohio,11689100,105829,268183,2294.299817779,0.7006868839,,,0,0,0,0,0,0,0,0,0,0,0,0,0,0,0,0,0,0,0,0,0,0,0,0,0,0,0,0,0,0,0,0,0,0,0,0,0,0,0,0,0,0,0,0,0,0,0,0,0,0,0,0,0,0,0,0,0,0,0,0,0,0,0,0,0,0,0,7,11,12,23,38,78,145,232,300,397,511,654,906,1159,1400,1659,1875,2186,2513,2894,3288,3572,3941,4225,4538,4856,5188,5539,5876,6222,6481,6854,7439,8105,9201,10564,11863,12590,12892,13423,13863,14256,14622,14968,15333,15820,16493,17162,17725,18289,18817,19249,19795,20295,21144,21741,22112,22790,23248,23677,24259,24823,25325,25768,26248,26694,27137,27828,28439,29038,29534,30073,30585,30982,31425,32058,32480,32956,33411,33753,34181,34649,35091,35414,35776,36133,36427,36820,37232,37636,38044,38341,38758,39147,39546,40219,40828,41355,41897,42610,43157,43768,44645,45606,46419,47251,47982,48720,49790,51063,52145,53051,53977,54767,55685,56946,58075,59559,60917,62285,63509,64613,65889,67159,68791,70307,71403,72629,73645,75146,76568,78094,79516,80404,81504,82789,84159,85871,87375,88263,89205,90131,91235,92398,93542,94720,95994,96870,97745,98830,100204,101350,102452,103548,104159,104924,105758,106705,107777,108798,109909,110543,111375,112197,113260,114474,115721,116929,117847,118738,120104,121212,122532,123836,125173,125943,126713,127357,128278,129371,130592,131828,132664,133738,134702,135714,136768,137691,138622,139384,140234,140903,141783,142761,143900,145012,145810,146797,147890,148954,150276,151755,152899,153840,154889,156216,157574,159101,160918,162252,163543,164962,166387,168409,170568,172700,174924,176484,178284,180266,182577,184969,187454,190300,192598,194707,197193,199724,203279,207082,209983,213278,216167,220366,224382,229280,234223,239743,244272,248954,255364,261082,268183
US Oklahoma,3956971,177660,143011,3614.1533511365,0.7757917349,,,0,0,0,0,0,0,0,0,0,0,0,0,0,0,0,0,0,0,0,0,0,0,0,0,0,0,0,0,0,0,0,0,0,0,0,0,0,0,0,0,0,0,0,0,0,0,0,0,0,0,0,0,0,0,0,0,0,0,0,0,0,0,0,0,0,0,0,0,0,0,0,10,11,11,21,30,39,85,168,234,283,333,382,457,596,748,852,1020,1112,1184,1308,1354,1505,1606,1674,1775,1872,1977,2049,2135,2235,2332,2361,2442,2560,2641,2757,2855,2923,2981,3006,3132,3195,3334,3463,3563,3684,3756,3833,3902,4026,4117,4179,4278,4300,4414,4530,4636,4757,4903,4976,5064,5150,5191,5336,5505,5615,5689,5742,5784,5874,5913,5979,6059,6147,6214,6329,6441,6541,6588,6635,6781,6836,6992,7108,7251,7471,7689,7846,8032,8258,8515,8959,9308,9639,10117,10334,10624,11103,11538,11927,12221,12522,12748,13329,13680,14101,14620,15194,15477,15910,16759,17419,18019,18608,19283,19739,20249,21229,22290,22905,23599,24507,24715,24882,25760,26718,27376,28516,29478,30682,32081,33157,33996,35102,35843,37074,37564,37937,38781,39865,40692,41540,42355,42840,43233,43984,44635,45325,46111,47001,47543,47911,48517,49102,49834,50900,51749,52312,52669,53318,53975,54674,55372,56454,57115,57828,58487,59194,60097,61101,62244,62661,63272,64091,64959,65719,66649,67655,68350,69216,70296,71253,72283,73523,74753,75755,76853,78006,79086,80159,81429,82415,83254,84090,85100,86067,87226,88405,89580,90146,90809,92155,93142,94343,95854,97376,98138,98933,100220,101329,102530,103982,105166,105954,106719,108173,109463,111070,112427,114256,115298,115955,116958,117682,118712,120002,121246,122583,123657,124982,126202,128285,130148,132380.5,134624,136806,138493,140654,143011
US Oregon,4217737,248608,52997,1256.526900563,0.7570351113,,,0,0,0,0,0,0,0,0,0,0,0,0,0,0,0,0,0,0,0,0,0,0,0,0,0,0,0,0,0,0,0,0,0,0,0,0,0,0,0,0,0,0,0,0,0,0,0,0,0,0,0,0,0,0,0,0,0,0,0,4,10,9.5,7,11,13.5,18,20,23,23,29,57,67,92,111.5,134,164,176,235,283,370,431,496,553,635,678,762,829,927,994,1057,1103,1161,1238,1260,1284,1436,1492,1541,1562,1633,1681,1735,1801,1847,1889,1944,2006,2053,2126,2184,2224,2270,2312,2373,2442,2498,2543,2621,2699,2772,2844,2921,3013,3080,3138,3203,3268,3328,3390,3459,3470,3533,3569,3642,3658,3703,3725,3763,3785,3798,3869,3915,3958,4011,4067,4122,4153,4216,4287,4382,4473,4618,4730,4796,4865,5040,5175,5333,5434,5616,5891,6010,6157,6363,6537,6722,6868,7054,7220,7338,7586,7862,8107,8248,8412,8684,9045,9382,9673,9970,10133,10336,10548,10915,11172,11565,11881,12149,12502,12770,13193,13480,13824,14253,14519,14806,15055,15374,15756,16137,16402,16731,17048,17346,17748,18107,18431,18709,18978,19302,19571,19813,20222,20593,20855,21068,21346,21589,21862,22166,22564,22804,22992,23211,23402,23695,23946,24230,24456,24673,24905,25077,25264,25555,25788,26045,26202,26427,26554,26815,27080,27331,27518,27661,27823,27933,28115,28323,28610,28790,28937,29107,29291,29536,29779,30028,30229,30423,30732,30920,31271,31717,31982,32221,32395,32686,32901,33251,33546,33891,34150,34421,34707,34999,35470,35877,36282,36609,36812,37116,37489,37852,38260,38627,38841,39102,39435,39738,40100,40632,41010,41371,41702,42071,42486,43047,43636,44162,44668,45213,45682,46261,47031,47796,48768,49628,50329,51062,51903,52997
US Pennsylvania,12801989,115883,238643,1864.1087724728,0.7097105165,,,0,0,0,0,0,0,0,0,0,0,0,0,0,0,0,0,0,0,0,0,0,0,0,0,0,0,0,0,0,0,0,0,0,0,0,0,0,0,0,0,0,0,0,0,0,0,0,0,0,0,0,0,0,0,0,0,0,0,1,2,4,4,5,5,6,19,13,25,27,33,59,95,166,235,329,482,611,818,1349,1802,2257,2887,3563,4259,5158,6309,7664,9181,10398,11776,12995,14617,16807,18487,20118,21283,22602,23629,24295,25443,27087,28651,29840,30774,31516,32578,33637,35036,36361,37458,38319,39458,40423,41545,42629,43902,44849,45587,46333,47221,48046,49254,50220,51487,52015,52839,53433,54263,55158,56074,56679,57489,57999,58788,59575,60372,61052,61770,62233,62623,63355,63929,65177,65820,66331,66655,67234,67703,68199,68606,69287,69789,70137,70592,70948,71376,71420,71883,72219,72507,72834,73169,73524,74016,74517,74977,75432,75909,76379,76922,77490,78036,78592,79077,79675,80285,81101,81749,82368,82839,83286,84261,85085,85788,86775,87575,88148,88620,89525,90503,91270,92289,93037,93818,94529,95533,96152,97076,98274,99312,100111,100947,102032,102833,103669,104603,105471,106122,106687,107510,108191,108983,109721,110516,111274,111874,112676,113506,114486,115295,116129,116787,117171,117888,118437,119208,119891,120669,121288,121694,122244,122731,123336,124154,124997,125667,126156,126920,127708,128858,129728,130669,131335,131859,132336,133228,133798,134804,135702,135775,136956,138091,138848,139763,140504,141646,142362,142585,143402,144272,145098,145895,146888,147800,148458,149430,150556,151691,152827,153943.5,155043,155707,156710,157990,159336,160683,162396,163550,164631,165950,167204,168758,170302,172131,173395,174492,176017,177407,179423,181604,183607,185268,186671,189360,191529,193682,196293,198753,200624,202671,205516,208201,210985,214261,218184,221052,224426,228706,233273,238643
US Puerto Rico,3193694,8868,39383,1233.1488239011,0.8000446918,,,0,0,0,0,0,0,0,0,0,0,0,0,0,0,0,0,0,0,0,0,0,0,0,0,0,0,0,0,0,0,0,0,0,0,0,0,0,0,0,0,0,0,0,0,0,0,0,0,0,0,0,0,0,0,0,0,0,0,0,0,0,0,0,0,0,0,0,0,0,0,0,0,0,3,3,10,16,27,31,40,58,83,129,194,235,260,320,392,413,450,509,553,614,648,705,813,819,837,888,951,976,1023,1116,1155,1199,816,791,764,770,780,782,784,789,838,842,851,865,877,881,881,887,903,907,913,925,933,935,942,956,981,1011,1059,1069,1066,1073,1080,1728,1088,1098,1099,1117,1136,1147,1154,1157,1157.5,1158,1166,1175,1183,1213,1215,1224,1237,1253,1252,1292,1308,1318,1324,1326,1333,1343,1345,1376,1378,1385,1393,1418,1420,1424,1435,1457,1471,1524,1558,1595,1614,1639,1668,1891,1967,1986,2047,2160,2234,2382,2610,2695,2832,2905,3053,3236,3561,3781,4018,4084,4316,4529,4768,4957,5137,5298,5405,5614,5680,6214,6500,6778,7067,7328,7457,7856,8192,8544,8929,9210,9765,9867,10306,10641,10817,11289,11936,12009,12128,12559,12818,13000,13445,13510,13510,13957,14203,14451,14690,14934,15033,15372,15481,15502,15638,15661,16083,16175,16172,16621,16722,16956,17125,17329,17552,17591,17969,18440,19126,19383,19616,19703,19734,20441,21148,21436,21967,22622,23063,23258,23433,23747,24043,24268,24629,24866,24884,25227,25535,25764,25975,26200,26331,26816,27133,27354,27471,27879,28299,28743,28867,28949,30094,30210,30865,31316,31572,31626,32370,32939,33217,33606,34463,34799,34836,35119,35913,36555,37083,37549,37818,38068,39383
US Rhode Island,1059361,2678,39429,3721.9606913979,0.7536555995,,,0,0,0,0,0,0,0,0,0,0,0,0,0,0,0,0,0,0,0,0,0,0,0,0,0,0,0,0,0,0,0,0,0,0,0,0,0,0,0,0,0,0,0,0,0,0,0,0,0,0,0,0,0,2,2,2,2,3,3,3,3,4,5,9,13,19,19.5,17,18,25,34,49,60,71,88,102,118,141,174,199,256,354,422,488,581,625,713,818,986,1181,1431,1689,1956,2371,2638,2916,3096,3357,3652,4029,4306,4572,4887,5244,5617,5984,6385,6789,7075,7347,7542,7852,8206,8548,8854,9033,9204,9488,9765,10101,10354,10562,10830,11005,11180,11373,11548,11754,11970,12204,12322,12457,12660,12837,12992,13177,13285,13369,13412,13557,13686,13807,13975,14079,14155,14236,14329,14423,14531,14627,14695,14744,14780,14845,14943,15022,15096,15145,15177,15234,15282,15327,15395,15453,15489,15516,15575,15643,15692,15734,15801,15837,15859,15887,15926,15989,16047,16067,16094,16118,16168,16208,16226.5,16242,16310,16368.3333333333,16426.6666666667,16483,16583,16633,16704,16786,16823,16860,16894,16975,17050,17134,17210,17306,17403,17500,17709,17782,17931,18001,18074.6666666667,18149.3333333333,18223,18366,18454,18583,18708,18797,18871,18899,19014,19088,19196,19289,19392,19467,19524,19642,19744,19816,19967,20117,20205,20243,20313,20392,20522,20612,20785,20828,20874,20924,20997,21058,21155,21393,21425,21475,21493,21574,21676,21798,21889,21988,22020,22137,22244,22371,22502,22679,22760,22811,22919,23051,23184,23051,23152,23264,23287,23417,23601,23765,23924,24087,24211,24260,24432,24607,24872,25117,25397,25567,25647,25772,25972,26243,26490,26774,27055,27137,27437,27909,28372,28894,29352,29625,29791,30208,30701,31062,31620,32151,32623,32850,33265,33838,34462,35086,35875,36440,36700,37473,38441,39429
US South Carolina,5148714,77857,186173,3615.9126337179,0.8827339323,,,0,0,0,0,0,0,0,0,0,0,0,0,0,0,0,0,0,0,0,0,0,0,0,0,0,0,0,0,0,0,0,0,0,0,0,0,0,0,0,0,0,0,0,0,0,0,0,0,0,0,0,0,0,0,0,0,0,0,0,1,0,2,3,2,1,3,0,3,10,11,34,39.5,50,112,151,254,310,361,389,425.5,459,692,843,986,1186,1447,1626.5,1798,1929,2113,2293,2412,2642,2915,3041,3145,3262,3376,3453,3549.5,3675,3979,4102,4133,4156,4456,4612,4769,4923,5159,5220.5,5258,5526,5724,5878,6109,6246,6300.5,6358,6537,6632,6723,7106,7218,7350,7481,7592,7719,7924,8124.5,8322,8442,8555,8597.5,8650,9100,9350,9550,9621,9848,10048,10200,10538,10795,11261,11546,11808,12034,12384,12814,13272,13633,14141,14555,15076,15748,16476,17244,18079,18658,19251,19790,20764,21838,22973,23873,24874,25767,27013,28117,29406,30988,32359,33672,35406,36921,38631,40436,42251,43692,45216,46131,47624,49357,51034,53234,55157,56662,58824,60630,62416,64348,65861,68209,69652,71490,73148,74663,76645,78001,79168,80368,82011,83702,85386,86812,88339,89519,90663,91847,93112,94396,95760,96967,97931,98648,99601,100401,101281,102186,103184,103788,104233,104915,105617,106513,107532,108418,109101,109644,110576,111151,111623,112923,114209,115260,115915,116748,117371,118538,120148,121101,121753,122395,122665,122951,123313,125749,126655,128538,129343,130111,130744,132046,132909,133798,134255,134668,137318,138184,139193,140372,141722,142335,142896,144058,144349,144716,145570,147254,147932,148498,149274,149997,151000,151899,152828,153604,154232,155041,155933,157217,158357,159279,160054,160663,161525,162372,163493,164544,165326,166642,167460,168517,169415,170507,171493,172502,173911,174774,175796,176688,177438,178641,180468,181405,182103,183425,184678,186173
US South Dakota,884659,196350,59867,6767.2402586759,0.7862546295,,,0,0,0,0,0,0,0,0,0,0,0,0,0,0,0,0,0,0,0,0,0,0,0,0,0,0,0,0,0,0,0,0,0,0,0,0,0,0,0,0,0,0,0,0,0,0,0,0,0,0,0,0,0,0,0,0,0,0,0,0,0,0,0,4,7,8,8.3333333333,8.6666666667,9,10,10,11,12,15.5,19,24,24,35,40,52,62,84,95,102,123,158,180,205,233,281,312,385,438,526,616,719,857,977,1155,1294,1390,1521,1614,1664,1731,1829,1925,2009,2113,2178,2211,2274,2334,2406,2481,2544,2587,2624,2675,2733,2857,3094,3343,3467,3564,3613,3678,3738,3828,3897,3925,3965,4023,4115,4186,4291,4403,4498,4521,4585,4641,4720,4792,4885,4918,4959,4990,5084,5169,5196,5286,5357,5390,5440,5520,5578,5654,5742,5807,5837,5875,5957,6012,6061,6128,6200,6229,6255,6321,6378,6428,6517,6572,6607,6655,6715,6778,6862,6912,6945,6987,7045,7123,7215,7279,7332,7376,7401,7449,7523,7565,7659,7728,7771,7808,7883,7940,8002,8056,8159,8249,8298,8346,8494,8537,8614,8715,8802,8867,8925,9013,9116,9212,9317,9444,9502,9552,9653,9735,9859,9951,10107,10193,10276,10397,10522,10714,10962,11103,11252,11386,11678,12017,12340,12759,13138,13325,13565,13811,14144,14398,14689,14907,15098,15201,15369,15624,15901,16219,16420,16583,16771,17068,17450,17838,18196,18448,18621,18941,19376,19825,20277,20847,21255,21450,21709,22098,22832,23215,23671,24095,24275,24546,25573,26064,26859,27581,28189,28550,28964,29831,30609,31390,32186,32832,33398,34011,34584,35535,36692,37618,38667,39204,40190,41433,42433,43991,45371,46680,47206,48210,49117,50446,51898,53199,54585,55492,56513,57847,59867
US Tennessee,6829174,106798,292206,4278.7897921476,0.8292448975,,,0,0,0,0,0,0,0,0,0,0,0,0,0,0,0,0,0,0,0,0,0,0,0,0,0,0,0,0,0,0,0,0,0,0,0,0,0,0,0,0,0,0,0,0,0,0,0,0,0,0,0,0,0,0,0,0,0,1,1,1,3,1,5,9.5,15,20,26,32,39,50,74,122,191,328,461,550,595,705,863,1105,1272,1436,1725,2115,2548,2704,2925,3176,3485,3650,3981,4196,4464,4694,4936,5127,5426,5635,5884,6063,6385,6553,6860,7019,7168,7603,8029,8485,8947,9424,9667,9787,10093,10448,11601,12366,12879,13270,13385,13629,13783,14126,14439,14649,15206,15768,16017,16343,16610,16924,17024,17644,17997,18144,18560,18986,19372,19727,20186,20530,20870,21238,21617,22094,22531,23071,23882,24325,24611,25005,25547,25855,26413,27033,27505,27971,28549,28957,29848,30568,31226,31534,32209,33384,33809,34456,34900,35638,36550,37324,38721,39434,40493.5,41548,42742,44532,46094,47897,49302,50588,51308,52643,55098,56666,58608,60042,60993,64296,65810,68041,70507,72759,75269,77042,78662,80827,83273,85801,87872,89581,92713,95256,97773,99533,101558,104633,106839,108261,109249,111015,112646,114862,117233,119022,121145,122326,123287,124745,126838,128757,130022,131961,132990,133997,136003,137360,139007,140221,142072,142735,143521,145422,147191,148790,150216,151037,152836,154202,155680,157382,158401,160146,161908,162876,163493,164312,165927,167507,168517,169447,171885,172811,174633,175639,177982,178879,180937,181812,182527,184067,184839,186722,188133,190228,190958,191814,193311,194568,195532,196692,198301,200777,202423,204485,206436,207927,209549,211586,214519,215622,217297,219564,220152,222786,225391,228682,230115,232383,234398,237972,240497,243992,246256,248102,250459,253092,255636,256795,257533,260664,262362,265754,267643,268942,274004,277585,283469,285375,288915,292206
US Texas,28995881,676587,972685,3354.5626704703,0.85053462,,,0,0,0,0,0,0,0,0,0,0,0,0,0,0,0,0,0,0,0,0,0,0,0,0,0,0,0,0,0,0,0,0,0,0,0,0,0,0,0,0,0,0,0,0,0,0,0,0,0,0,0,0,0,0,0,0,0,0,0,3,5,4,4,9,5,16,24,22,23,23,25,73,104,199,207,212,256,797,1197,1505,1798,2281,2590,2948,3633,4276,4902,5657,6335,6781,7745,8810,9669,11078,11938,12836,13243,13934,14760,15673,16555,17413,18056,18574,19290,20121,20971,21802,22724,23543,24197,25038,25896,26871,27957,29217,30212,30985,32000,33003,33950,35129,36354,37363,38342,39512,40841,42250,43572,45373,46112,47015,48214,49589,50501,51661,52690,53518,54141,54707,56036,57856,59067,60381,62311,62897,64539,66209,67815,69473,71388,72796,73424,75033,77508,79287,81356,83645,85461,86705,90782,93854,97326,100730,105127,108964,112226,117655,123108,128999,134611,140259,145536,149776,156664,164630,172416,179797,187925,191281,196537,206434,216216,225825,235394,245577,253620,258600,269181,276175,286382,301003,310893,318193,325418,334478,344121,353322,361730,367503,373197,377433,385555,394273,402818,411344,420645,426266.5,431980,440931,449328,456692,463473,470217,474992,479422,489044,495015,501505,508327,516418,523072,530414,537551,544386,549468,554349,559731,564065,566892,573177,578445,583884,587771,592387,596164,598758,602990,607189,610757,616116,620467,623417,625453,626797,630662,634542,637992,642104,643912,647912,653142,659061,662996,666346,670076,672509,682354,700096,703369,707585,712120,716912,718575,723185,726662,732250,735689,739101,746026,748880,752281,756348,760355,764508,768455,772604,774974,777612,782820,787382,791989,797744,802539,805702,807576,815363,820489,826647,832983,839371,843632,848306,855504,860990,867673,874131,881126,885296,889678,897077,906517,914881,922243,930082,935678,942431,953480,964430,972685
US Utah,3205958,212818,142805,4454.3627832929,0.7765277158,,,0,0,0,0,0,0,0,0,0,0,0,0,0,0,0,0,0,0,0,0,0,0,0,0,0,0,0,0,0,0,0,0,0,0,0,0,0,0,0,0,0,0,0,0,0,0,0,0,0,0,0,0,0,0,0,0,0,0,0,1,0,0,1,1,3,4,15,26,35,46,56,71,105,128,173,244,286,333,389,463,584,701,788,868,992,1053,1223,1403,1578,1647,1706,1812,1941,2063,2165,2262,2322,2367,2497,2637,2759,2882,3019,3163,3240,3387,3551,3721,3882,4056,4165,4270,4420,4597,4751,4903,5095,5237,5361,5505,5632,5826,6006,6154,6264,6331,6515,6643,6806,6956,7125,7271,7405,7593,7757,7937,8139,8271,8397,8493,8578,8790,9125,9394,9658,9856,10057,10348,10661,11097,11643,11908,12164,12396,12701,13088,13411,13814,14146,14440,14765,15171,15663,16244,16887,17278,17716,18106,18583,19169,19843,20416,20885,21448,21991,22483,23036,23631,24299,24709,25222,25782,26495,27089,27950,28581,29210,29749,30192,30599,31545,32268,33022,33806,34212,34691,35251,35769,36627,37288,37637,38064,38506,38843,39343,39836,40339,40812,41165,41538,41951,42534,42992,43366,43742,44000,44355,44689,45021,45569,45914,46245,46487,46748,47111,47568,48026,48394,48693,48941,49343,49747,50127,50517,50973,51421,51671,51967,52385,52889,53402,53832,54220,54592,54916,55229,55575,56227,56799,57422,57985,58543,59288,60199,61301,62376,63294,63912,64556,65425,66618,68025,69037,70098,70920,71614,72515,73521,74620,75685,77075,78177,78888,79889,81384,82723,84076,85272,86258,87241,88375,89863,91356,92693,93780,94948,96023,97381,98917,100860,102459,104223,105422,106556,108125,109953,112231,113946,115792,116983,118643,120745,123536,126506,129448,131828,134071,136577,138886,142805
US Vermont,623989,23871,2587,414.5906418222,0.6759864123,,,0,0,0,0,0,0,0,0,0,0,0,0,0,0,0,0,0,0,0,0,0,0,0,0,0,0,0,0,0,0,0,0,0,0,0,0,0,0,0,0,0,0,0,0,0,0,0,0,0,0,0,0,0,0,0,0,0,0,0,0,0,0,0,0,0,0,0,0,5,6,5,11,27,32,54,74,102,137,162,189,209,229,265,291,329,355,425,474,505,537,568,591,637,669,687,708,714,723,732,743,752,762,765,768,776,779,781,790,799,802,809,811,813,826,832,843,847,852,855,860,862,864,872,872.5,873,875,876,876,877,885,887,889,891,893,895,897,899,901,907,912,916,919,920,922,926,928,933,935,970,971,990,1007,1019,1028,1039,1054,1063,1069,1071,1072,1075,1074,1079,1088,1091,1103,1107,1108,1128,1135,1142,1144,1146,1152,1153,1154,1171,1180,1182,1193,1195,1198,1200,1216,1221,1227,1240,1245,1249,1262,1268,1277,1281,1293,1303,1309,1314.5,1319,1327,1338,1342,1344,1347,1348,1349,1356,1363,1368,1369,1373,1378,1387,1390,1396,1401,1404,1414,1420,1426,1443,1451,1457,1469,1472,1475,1479,1483,1495,1499,1508,1514,1519,1528,1531,1547,1558,1566,1577,1579,1581.5,1584,1589,1590,1593,1596,1598,1603,1610,1619,1626,1638,1644,1645.5,1647,1648,1652,1657,1661,1663,1664,1666,1673,1681,1684,1687,1691,1694,1697,1710,1720,1727,1759,1763,1769,1780,1788,1799,1810,1818,1828,1831,1845,1857,1868,1879,1888,1898,1913,1929,1958,1984,2014,2024,2054,2061,2082,2096,2120,2137,2160,2178,2207,2242,2264,2284,2329,2352,2398,2471,2587
US Virgin Islands,104425,350,70,67.0337562844,0.985915493,,,0,0,0,0,0,0,0,0,0,0,0,0,0,0,0,0,0,0,0,0,0,0,0,0,0,0,0,0,0,0,0,0,0,0,0,0,0,0,0,0,0,0,0,0,0,0,0,0,0,0,0,0,0,0,0,0,0,0,0,0,0,0,0,0,0,0,0,0,0,0,0,0,0,0,0,0,0,0,0,0,2,2,2,3,3,3,3,3,2,2,2,2,2,2,2,2,2,2,2,2,3,3.3333333333,3.6666666667,4,4.2,4.4,4.6,4.8,5,5.0909090909,5.1818181818,5.2727272727,5.3636363636,5.4545454545,5.5454545455,5.6363636364,5.7272727273,5.8181818182,5.9090909091,6,6.1111111111,6.2222222222,6.3333333333,6.4444444444,6.5555555556,6.6666666667,6.7777777778,6.8888888889,7,7.012195122,7.0243902439,7.0365853659,7.0487804878,7.0609756098,7.0731707317,7.0853658537,7.0975609756,7.1097560976,7.1219512195,7.1341463415,7.1463414634,7.1585365854,7.1707317073,7.1829268293,7.1951219512,7.2073170732,7.2195121951,7.2317073171,7.243902439,7.256097561,7.2682926829,7.2804878049,7.2926829268,7.3048780488,7.3170731707,7.3292682927,7.3414634146,7.3536585366,7.3658536585,7.3780487805,7.3902439024,7.4024390244,7.4146341463,7.4268292683,7.4390243902,7.4512195122,7.4634146341,7.4756097561,7.487804878,7.5,7.512195122,7.5243902439,7.5365853659,7.5487804878,7.5609756098,7.5731707317,7.5853658537,7.5975609756,7.6097560976,7.6219512195,7.6341463415,7.6463414634,7.6585365854,7.6707317073,7.6829268293,7.6951219512,7.7073170732,7.7195121951,7.7317073171,7.743902439,7.756097561,7.7682926829,7.7804878049,7.7926829268,7.8048780488,7.8170731707,7.8292682927,7.8414634146,7.8536585366,7.8658536585,7.8780487805,7.8902439024,7.9024390244,7.9146341463,7.9268292683,7.9390243902,7.9512195122,7.9634146341,7.9756097561,7.987804878,8,8.1538461538,8.3076923077,8.4615384615,8.6153846154,8.7692307692,8.9230769231,9.0769230769,9.2307692308,9.3846153846,9.5384615385,9.6923076923,9.8461538462,10,13.3333333333,16.6666666667,20,21.25,22.5,23.75,25,28,31,34,40,46,49.2,52.4,55.6,58.8,62,62.375,62.75,63.125,63.5,63.875,64.25,64.625,65,65.6,66.2,66.8,67.4,68,68.2857142857,68.5714285714,68.8571428571,69.1428571429,69.4285714286,69.7142857143,70,70,70,70,70,70,70,70,70,70,70,70,70,70,70,70,70,70,70,70,70,70,70,70,70,70,70,70,70,70,70,70,70,70,70,70,70,70,70,70,70,70,70,70,70,70,70,70,70,70
US Virgin Islands,104425,350,1399,1339.7175005985,0.9197896121,,,0,0,0,0,0,0,0,0,0,0,0,0,0,0,0,0,0,0,0,0,0,0,0,0,0,0,0,0,0,0,0,0,0,0,0,0,0,0,0,0,0,0,0,0,0,0,0,0,0,0,0,0,0,0,0,0,0,0,0,0,0,0,0,0,0,0,0,0,1,2,2,3,3,6,10.5,16,16.5,17,17.5,18,21,22,29,30,31,32,36,37,39,40,41,42,43,47,48,47.2857142857,47.5714285714,47.8571428571,48.1428571429,48.4285714286,48.7142857143,49,49.3333333333,49.6666666667,50,50.25,50.5,50.75,51,53,54,54.5,56,60,60.25,60.5,60.75,61,61.25,61.5,61.75,62,62.5,63,63.0454545455,63.0909090909,63.1363636364,63.1818181818,63.2272727273,63.2727272727,63.3181818182,63.3636363636,63.4090909091,63.4545454545,63.5,63.5454545455,63.5909090909,63.6363636364,63.6818181818,63.7272727273,63.7727272727,63.8181818182,63.8636363636,63.9090909091,63.9545454545,64,64.3333333333,64.6666666667,65,65.1666666667,65.3333333333,65.5,65.6666666667,65.8333333333,66,66.2,66.4,66.6,66.8,67,67.25,67.5,67.75,68,69,70,70.6666666667,71.3333333333,72,74,75,75.75,76.5,77.25,78,84,86,92,105,105.5,106,110,115,137,146,160,174,199,217.5,235,241,255,275,289,296,300,312,327,335,343,352,355,366,376,386.5,397,412,421,430,454,472,491,512,518,537,550.5,564,625,668,690,720,727,746,781,813,854,916,944,955,967,980,1012,1034,1057,1099,1110,1115,1120,1124,1125,1131,1148,1162,1171,1172,1175,1178,1182,1192,1201,1202,1205,1212,1218,1222,1235.5,1249,1252.5,1256,1258,1270,1276,1286.5,1297,1297.5,1298,1300.5,1303,1305,1305.5,1306,1301,1300.5,1300,1301,1303,1303.5,1304,1305,1306,1307,1306,1308,1311,1314,1314.6666666667,1314.3333333333,1314,1320,1323,1323.6666666667,1324.3333333333,1325,1328,1330,1334.5,1339,1353,1354,1355,1362,1365,1366,1367,1374.5,1382,1384.5,1387,1393,1399
US Virginia,8535519,102279,193998,2272.8319156691,0.8475229358,,,0,0,0,0,0,0,0,0,0,0,0,0,0,0,0,0,0,0,0,0,0,0,0,0,0,0,0,0,0,0,0,0,0,0,0,0,0,0,0,0,0,0,0,0,0,0,0,0,0,0,0,0,0,0,0,0,0,0,0,0,0,0,1,0,4,16,20.5,23,26,40,43,53,68,100,168,200,227,316,351,483,609,749,871,1096,1289,1498,1781,2149,2360,2578,3009,3296,3670,4099,4641,4826,5289,5679,5978,6337,6910,7437,7877,8306,8917,9553,10229,10782,11539,12131,12685,13448,14034,14891,15924,16729,17662,18478,19215,19839,20471,21206,22037,22910,23862,24564,25465,26475,27314,28313,29013,29748,30738,31480,32692,33497,34289,34772,36250,37846,38735,39881,40999,42070,43061,43846,44669,45322,46270,46930,47790,49070,49631,50093,50516,50972,51511,52145,52774,53146,53568,53989,54422,54948,55594,56141,56612,57113,57609,58009,58612,59285,59770,60221,60810,61211,61728,62380,63084,63721,64071,64692,65324,65934,66864,67707,68592,69560,70348,71402,72290,73259,74158,75212,76157,77127,78119,78938,80047,81287,82241,83745,84650,85641,86541,87518,88420,89401,90721,91855,92639,93440,95446,96746,97619,98278,99251,100006,101107,102288,103182,104118,104841,105670,106378,107230,108198,109395,110288,110946,111949,112761,113817,114881,116087,117023,117851,118776,119658,120748,121830,122737,123911,124550,125347,126200,127412,128504,129796,130655,131399,132327,133151,134232,135452,136385,137238,137862,138719,139287,140164,141089,142054,142786,143232,144144,144890,145333,146279,147381,148437,149100,149697,150176,152011,153110,154327,155137,155989,157205,157994,159305,160481,161584,162483,163170,164088,165095,166416,167602,168668,169664,170562,171683,173013,174425,175854,177391,178592,179612,180844,181976,183306,184858,186935,188237,189535,190933,192498,193998
US Washington,7614893,172119,118979.5,1562.4579360472,0.7730660273,,,0,0,0,0,0,0,0,0,0,0,0,0,0,0,0,0,0,0,0,0,0,0,0,0,0,0,0,0,0,0,0,0,0,0,0,0,0,0,0,0,0,0,0,0,0,0,0,0,0,0,0,0,0,0,0,12,46,87,114,145,191,241,342,463,618,819,954,1045,1334,1584,1853,2158,2433,2600,2765,3207,3623,4049,4468,4915,5185,5412,5958,6407,6848,7225,7626,7820,7974,8354,8756,9094,9450,9754,9903,9919,10279,10565,10872,11166,11504,11669,11759,12089,12352,12614,12880,13209,13361,13458,13817,14098,14409,14644,14953,15056,15132,15517,15774,16034,16293,16539,16661,16718,17008,17249,17549,17803,18055,18168,18225,18544,18836,19099,19389,19699,19837,19934,20077,20473,20809,21095,21436,21574,21665,22071,22482,22855,23190,23564,23716,23816,24321,24723,25083,25474,25855,26044,26174,26691,27175,27624,28154,28668,28972,29159,29873,30478,31139,31789,32394,32868,33132,34102,35043,35916,36768,37205,37429,37712,38678,39719,40667,41506,42333,42846,43181,44244,45175,46107,46925,47794,48318,48624,49610,50690,51687,52553,53317,53780,54085,55058,55958,56814,57539,58214,58605,58822,59647,60482,61183,61876,62520,62873,63061,63858,64537,65129,65731,66344,66674,66824,67464,68052,68599,69038,69469,69645,69706,69728,69740,69727,70176,70712,71310,72329,72471.5,72620,72919,73346,73819,74298,74799,75198,75552,75939,76386,76931,77376,77726,78038,78365,78688,79072,79470,79757.5,80057,80406,81035,81282.5,81525,82055,83036,83640,84079,84427,84831,85301,85884,86571,87180,87635,88018,88381,88922,89629,90264,90739,91609,92454,92805,93156,93826,94528,95835,96065,96283,96750,97458,98094,98906,100474,100767.5,101040,101545,102261,103050,104054,104982,105796,106806,107440,108888,109947,111622,113392,114712,115915,117321,118979.5
US West Virginia,1792147,62259,30185,1684.2926389409,0.6832277048,,,0,0,0,0,0,0,0,0,0,0,0,0,0,0,0,0,0,0,0,0,0,0,0,0,0,0,0,0,0,0,0,0,0,0,0,0,0,0,0,0,0,0,0,0,0,0,0,0,0,0,0,0,0,0,0,0,0,0,0,0,0,0,0,0,0,0,0,0,0,0,0,0,5,9,9,12,16,35,46,71,91,105,117,153,181,204,224,266,306,321,386,436,494,522,545,577,590,603,664,698,708,737,813,852,864,889,916,937,967,990,1009,1022,1037,1058,1074,1105,1124,1139,1170,1179,1217,1239,1263,1288,1294,1297,1324,1353,1367,1382,1415,1416,1432,1467,1515,1532,1633,1675,1690,1770,1782,1821,1865,1886,1922,1929,1953,1983,2004,2031,2043,2055,2064,2077,2096,2120,2141,2166,2196,2205,2248,2283,2325,2342,2392,2449,2457,2487,2534,2566,2617,2666,2721,2774,2808,2835,2954,3026,3041,3162,3342,3360,3606,3723,3880,3971,4104,4153,4296,4445,4542,4667,4778,4925,5025,5075,5082,5426,5568,5690,5821,5913,6026,6173,6269,6485,6575,6694,6813,6887,6993,7111,7263,7387,7516,7575,7688,7818,7952,8072,8245,8351,8418,8509,8571,8745,8823,8942,9026,9065,9145,9286,9376,9561,9702,9844,9975,10227,10352,10551,10740,10981,11102,11263,11344,11489,11692,11844,12189,12365,12483,12631,12846,13076,13328,13517,13696,13810,14020,14135,14336,14577,14777,14966,15127,15305,15457,15631,15911,16069,16229,16343,16528,16726,16907,17285,17491,17705,17857,18123,18382,18639,19129,19344,19624,19835,20050,20262,20577,20905,21210,21404,21693,22160,22511,22911,23425,23886,24301,24650,24995,25375,25924,26448,27084,27742,28138,28634,29506,30185
US Wisconsin,5822434,140268,306157,5258.2304926084,0.7690377389,,,0,0,0,0,0,0,0,0,0,0,0,0,0,0,0,0,0,0,0,0,0,0,0,0,0,0,0,0,0,0,0,0,0,0,0,0,0,0,0,0,0,0,0,0,0,0,0,0,0,0,0,0,0,0,0,0,1,1,0,0,0,0,0,0,1,10,17,24,42,67,97,143,198,259,357,389,433,568,695,841,997,1132,1268,1415,1639,1843,2058,2265,2423,2636,2822,3033,3186,3403,3556,3692,3799,3946,4145,4320,4512,4679,4837,5013,5156,5404,5637,5980,6317,6563,6752,6973,7239,7618,8105,8467,8774,9079,9429,9781,10134,10534,10895,11184,11406,11614,11910,12319,12776,13290,13665,13847,14085,14653,15166,15707,16198,16606,16925,17206,17842,18395,19154,19691,19872,20042,20452,20949,21474,21869,22193,22468,22689,22984,23313,23675,24029,24312,24563,24762,25060,25336,25790,26110,26523,26812,27075,27363,27827,28289,28847,29399,29880,30206,30829,31391,31971,32591,33357,33889,34377,34899,35538,36325,37214,38182,38978,39482,40436,41279,42213,43127,44145,44993,45719,46868,47606,48684,49730,50712,51675,52276,53051,53970,55054,55902,57013,57944,58355,59112,60043,60911,61953,63124,63746,64267,65021,65546,66503,67560,68420,69116,69585,70285,70984,71749,72590,73550,74029,74443,75130,75901,76803,77663,78513,79082,79350,80375,80945,81683,83218,84214,85103,85676,86418,87322,88907,90341,91764,93388,94204,95628,97103,99216,101791,104174,105904,107196,108917,110796,113265,115878,118763,121003,122733,125146,127576,130558,133360,136414,138340,140038,142078,144491,147742,150857,153799,156502,158507,161864,165139,169119,173198,175773.3333333333,178393.6666666667,181029,185657,189962,193554,198133,202758,206525,209518,214947,219005,224084,229379,235131,238672,242164,248165,254362,260561,266891,274360,278760,283222,290540,298006,306157
US Wyoming,578759,251470,20264,3501.2846452496,0.6587562173,,,0,0,0,0,0,0,0,0,0,0,0,0,0,0,0,0,0,0,0,0,0,0,0,0,0,0,0,0,0,0,0,0,0,0,0,0,0,0,0,0,0,0,0,0,0,0,0,0,0,0,0,0,0,0,0,0,0,0,0,0,0,0,0,0,1,1,2,3,3,10,15,18,19,23,24,26,29,44,53,70,82,86,93,108,128,148,160,185,195,208,210,297,313,333,336,357,366,376,386,394,405,415,419,421,434,440,446,466,484,495,513,529,537,552,559,572,578,588,594,620,624,632,641,650,657,662,675,686,701,725,738,749,759,770,784,786,796,821,826,833,842,858,873,880,885,892,894,897,903,913,919,927,940,950,960,989,1007,1030,1040,1059,1069,1094,1124,1153,1159,1177,1210,1234,1261,1305,1347,1371,1396,1429,1465,1492,1526,1558,1582,1610,1651,1686,1715,1749,1765,1814,1837,1879,1925,1959,2000,2043,2082,2100,2160,2211,2261,2320,2377,2418,2447,2492,2560,2599,2656,2696,2739,2778,2815,2850,2889,2924,2963,2976,3013,3005,3036,3049,3082,3146,3190,3249,3294,3322,3389,3427,3482,3501,3537,3561,3592,3642,3680,3721,3742,3778,3796,3820,3865,3890,3940,3957,3983,4018.5,4054,4101,4149,4214,4247,4296,4342,4388,4516,4599,4694,4727,4818,4891,4963,5116,5251,5366,5411,5579,5700,5764,5891,6026,6157,6308,6447,6572,6709,6838,7024,7267,7387,7543,7725,7887,8100,8288,8578,8729,8938,9224,9433,9743,10014,10440,10700,10927,11363,11679,12019,12380,12901,13154,13579,14023,14464,14889,15233,16229,16421,17134,17808,19040,19159,20264
